Workbook

Sheet หลังริม
A1: BOQ สรุปรายการปริมาณงานและราคา บ้านแถวหลังริม
A4: ลำดับที่ | B4: รายการ | C4: จำนวน | D4: หน่วย | E4: ค่าวัสดุ | G4: ค่าแรงงาน | I4: รวมค่าวัสดุและ | J4: หมายเหตุ
E5: ราคาต่อหน่วย | F5: จำนวนเงิน (บาท) | G5: ราคาต่อหน่วย | H5: จำนวนเงิน (บาท) | I5: ค่าแรงงาน (บาท)
A6: 1 | B6: งานโครงสร้างวิศวกรรม
B7: 1.1 งานดิน หิน ทราย และฐานราก
B8: - ขุดดินฐานรากและถมคืน (งานแบ็คโคร) | C8: =10/6 -> 1.6666667 | D8: วัน | E8: 3500 | F8: =E8*C8 -> 5833.3333 | G8: 0 | H8: =G8*C8 -> 0 | I8: =H8+F8 -> 5833.3333
B9: - คอนกรีตผสมเสร็จ 280 กก./ตร.ซม. (ลูกบาศก์) | C9: =5.5/6 -> 0.91666667 | D9: ลบ.ม. | E9: 1500 | F9: =E9*C9 -> 1375 | G9: 0 | H9: =G9*C9 -> 0 | I9: =H9+F9 -> 1375
B10: - คอนกรีตหยาบรองก้นฐานราก 1:3:5 | C10: 0 | D10: ลบ.ม. | E10: 0 | F10: =E10*C10 -> 0 | G10: 0 | H10: =G10*C10 -> 0 | I10: =H10+F10 -> 0
B11: - ทรายถมปรับระดับ | C11: =40/6 -> 6.6666667 | D11: ลบ.ม. | E11: 100 | F11: =E11*C11 -> 666.66667 | G11: 0 | H11: =G11*C11 -> 0 | I11: =H11+F11 -> 666.66667
B12: รวมงานข้อ 1.1 | F12: =SUM(F8:F11) -> 7875 | H12: =SUM(H8:H11) -> 0 | I12: =SUM(I8:I11) -> 7875 | K12: =H12+F12 -> 7875
B13: 1.2 งานตอกเสาเข็ม
B14: - เสาเข็ม ไอตัน ขนาด 0.18 x 0.18 x 16 ม. | C14: =53/6 -> 8.8333333 | D14: ต้น | E14: 2080 | F14: =E14*C14 -> 18373.333 | G14: 750 | H14: =G14*C14 -> 6625 | I14: =H14+F14 -> 24998.333
B15: - ค่าสกัดหัวเสาเข็ม | C15: 0 | D15: ต้น | E15: 0 | F15: =E15*C15 -> 0 | G15: 0 | H15: =G15*C15 -> 0 | I15: =H15+F15 -> 0
B16: รวมงานข้อ 1.2 | F16: =SUM(F14:F15) -> 18373.333 | H16: =SUM(H14:H15) -> 6625 | I16: =SUM(I14:I15) -> 24998.333 | K16: =H16+F16 -> 24998.333
B17: 1.3 งานแบบหล่อคอนกรีต
B18: - ไม้แบบทั่วไป | C18: =20/6 -> 3.3333333 | D18: แผ่น | E18: 590 | F18: =E18*C18 -> 1966.6667 | G18: 0 | H18: =G18*C18 -> 0 | I18: =H18+F18 -> 1966.6667
B19: - ไม้คร่าว | C19: 0 | D19: ลบ.ฟ. | E19: 0 | F19: =E19*C19 -> 0 | G19: 0 | H19: =G19*C19 -> 0 | I19: =H19+F19 -> 0
B20: - ไม้ค้ำยัน | C20: =200/6 -> 33.333333 | D20: ต้น | E20: 25 | F20: =E20*C20 -> 833.33333 | G20: 0 | H20: =G20*C20 -> 0 | I20: =H20+F20 -> 833.33333
B21: - ตะปูขนาดต่างๆ | C21: 0 | D21: กก. | E21: 0 | F21: =E21*C21 -> 0 | G21: 0 | H21: =G21*C21 -> 0 | I21: =H21+F21 -> 0
B22: - ค่าแรงงานไม้แบบ | C22: 0 | D22: ตร.ม. | E22: 0 | F22: =E22*C22 -> 0 | G22: 0 | H22: =G22*C22 -> 0 | I22: =H22+F22 -> 0
B23: รวมงานข้อ 1.3 | F23: =SUM(F18:F22) -> 2800 | H23: =SUM(H18:H22) -> 0 | I23: =SUM(I18:I22) -> 2800 | K23: =H23+F23 -> 2800
B24: 1.4 งานคอนกรีตโครงสร้าง
B25: - คอนกรีตหยาบ( lean) | C25: =15/6 -> 2.5 | D25: ลบ.ม. | E25: 1300 | F25: =E25*C25 -> 3250 | G25: 0 | H25: =G25*C25 -> 0 | I25: =H25+F25 -> 3250
B26: - คอนกรีตผสมเสร็จ 280 กก./ตร.ซม. (ลูกบาศก์) | C26: =55/6 -> 9.1666667 | D26: ลบ.ม. | E26: 1500 | F26: =E26*C26 -> 13750 | G26: 0 | H26: =G26*C26 -> 0 | I26: =H26+F26 -> 13750
B27: - คอนกรีตผสมเสร็จ 320 กก./ตร.ซม. (ลูกบาศก์) | C27: 0 | D27: ลบ.ม. | E27: 1600 | F27: =E27*C27 -> 0 | G27: 0 | H27: =G27*C27 -> 0 | I27: =H27+F27 -> 0
B28: - เหล็กตะแกรง WIRE MESH Ø 6 มม. @ 0.20 ม. (ข้ออ้อย) | C28: =600/6 -> 100 | D28: ตร.ม. | E28: 74.2 | F28: =E28*C28 -> 7420 | G28: 0 | H28: =G28*C28 -> 0 | I28: =H28+F28 -> 7420
B29: - ค่าแรงงานโครงสร้าง | C29: =600/6 -> 100 | D29: ตร.ม. | E29: 0 | F29: =E29*C29 -> 0 | G29: 173.47 | H29: =G29*C29 -> 17347 | I29: =H29+F29 -> 17347
B30: รวมงานข้อ 1.4 | F30: =SUM(F25:F29) -> 24420 | H30: =SUM(H25:H29) -> 17347 | I30: =SUM(I25:I29) -> 41767 | K30: =H30+F30 -> 41767
B31: 1.5 งานเหล็กเสริมคอนกรีต
B32: - เหล็กเส้นกลมผิวเรียบ SR 24 ขนาด Ø 6 มม. | C32: =(50*2.22/1000)/6 -> 0.0185 | D32: ตัน | E32: 64 | F32: =C32*1000/2.22*E32 -> 533.33333 | G32: 0 | H32: =G32*C32 -> 0 | I32: =H32+F32 -> 533.33333
B33: - เหล็กเส้นกลมผิวเรียบ SR 24 ขนาด Ø 9 มม. | C33: =(65*4.99/1000)/6 -> 0.054058333 | D33: ตัน | E33: 137 | F33: =C33*1000/4.99*E33 -> 1484.1667 | G33: 0 | H33: =G33*C33 -> 0 | I33: =H33+F33 -> 1484.1667
B34: - เหล็กเส้นกลมผิวข้ออ้อย SD 40 ขนาด Ø 12 มม. | C34: =(215*8.88/1000)/6 -> 0.3182 | D34: ตัน | E34: 240 | F34: =C34*1000/8.88*E34 -> 8600 | G34: 0 | H34: =G34*C34 -> 0 | I34: =H34+F34 -> 8600
B35: - เหล็กเส้นกลมผิวข้ออ้อย SD 40 ขนาด Ø 16 มม. | C35: 0 | D35: ตัน | E35: 425 | F35: =C35*1000/15.78*E35 -> 0 | G35: 0 | H35: =G35*C35 -> 0 | I35: =H35+F35 -> 0
B36: - ลวดผูกเหล็ก Ø 1.25 มม. (เบอร์ 18) | C36: 0 | D36: กก. | E36: 0 | F36: =E36*C36 -> 0 | G36: 0 | H36: =G36*C36 -> 0 | I36: =H36+F36 -> 0
B37: รวมงานข้อ 1.5 | F37: =SUM(F32:F36) -> 10617.5 | H37: =SUM(H32:H36) -> 0 | I37: =SUM(I32:I36) -> 10617.5 | K37: =H37+F37 -> 10617.5
B38: 1.6 งานผนังสำเร็จ (แบบหล่อพร้อมจับเซี้ยม)
B39: - เหล็กเส้นกลมผิวเรียบ SR 24 ขนาด Ø 9 มม. | C39: =0.299/6 -> 0.049833333 | D39: ตัน | E39: 137 | F39: =C39*1000/4.99*E39 -> 1368.1697 | G39: 0 | H39: =G39*C39 -> 0 | I39: =H39+F39 -> 1368.1697
B40: - เหล็กเส้นกลมผิวข้ออ้อย SD 40 ขนาด Ø 12 มม. | C40: =0.53/6 -> 0.088333333 | D40: ตัน | E40: 240 | F40: =C40*1000/8.88*E40 -> 2387.3874 | G40: 0 | H40: =G40*C40 -> 0 | I40: =H40+F40 -> 2387.3874
B41: - คอนกรีตผสมเสร็จ 280 กก./ตร.ซม. (ปั้ม) | C41: =59/6 -> 9.8333333 | D41: ลบ.ม. | E41: 1600 | F41: =E41*C41 -> 15733.333 | G41: 0 | H41: =G41*C41 -> 0 | I41: =H41+F41 -> 15733.333
B42: - เหล็กตะแกรง WIRE MESH Ø 6 มม. @ 0.20 ม. | C42: =600/6 -> 100 | D42: ตร.ม. | E42: 74.2 | F42: =E42*C42 -> 7420 | G42: 0 | H42: =G42*C42 -> 0 | I42: =H42+F42 -> 7420
B43: - ค่าแรงงานผนังสำเร็จ | C43: =600/6 -> 100 | D43: ตร.ม. | E43: 0 | F43: =E43*C43 -> 0 | G43: 115 | H43: =G43*C43 -> 11500 | I43: =H43+F43 -> 11500
B44: รวมงานข้อ 1.6 | F44: =SUM(F39:F43) -> 26908.89 | H44: =SUM(H39:H43) -> 11500 | I44: =SUM(I39:I43) -> 38408.89 | K44: =H44+F44 -> 38408.89
B45: 1.7 งานโครงหลังคาเหล็ก
B46: - เหล็กกล่อง 1''*1''*1.8 มม. | C46: =12/6 -> 2 | D46: เส้น | E46: 225 | F46: =E46*C46 -> 450 | G46: 0 | H46: =G46*C46 -> 0 | I46: =H46+F46 -> 450
B47: - เหล็กกล่อง 2''*2''*1.8มม. | C47: =73/6 -> 12.166667 | D47: เส้น | E47: 500 | F47: =E47*C47 -> 6083.3333 | G47: 0 | H47: =G47*C47 -> 0 | I47: =H47+F47 -> 6083.3333
B48: - เหล็กตัวซี C 100 x 50 x 2.0 มม. | C48: =46/6 -> 7.6666667 | D48: เส้น | E48: 650 | F48: =E48*C48 -> 4983.3333 | G48: 0 | H48: =G48*C48 -> 0 | I48: =H48+F48 -> 4983.3333
B49: - เหล็กตัวซี C 100 x 50 x 2.3 มม. | C49: =28/6 -> 4.6666667 | D49: เส้น | E49: 740 | F49: =E49*C49 -> 3453.3333 | G49: 0 | H49: =G49*C49 -> 0 | I49: =H49+F49 -> 3453.3333
B50: - เหล็กกล่อง 100*100*3.2 มม. | C50: =2/6 -> 0.33333333 | D50: เส้น | E50: 1900 | F50: =E50*C50 -> 633.33333 | G50: 0 | H50: =G50*C50 -> 0 | I50: =H50+F50 -> 633.33333
B51: - เหล็กแฟตบาร์ 4" * 6.00 หนา 6.00 มม. | C51: =1/6 -> 0.16666667 | D51: เส้น | E51: 905 | F51: =E51*C51 -> 150.83333 | G51: 0 | H51: =G51*C51 -> 0 | I51: =H51+F51 -> 150.83333
B52: - เหล็กกล่อง 100*50*2.3 มม. | C52: =8/6 -> 1.3333333 | D52: เส้น | E52: 1040 | F52: =E52*C52 -> 1386.6667 | G52: 0 | H52: =G52*C52 -> 0 | I52: =H52+F52 -> 1386.6667
B53: - เหล็กแผ่น 8' x 8' x 6 มม. | C53: =6/6 -> 1 | D53: แผ่น | E53: 109 | F53: =E53*C53 -> 109 | G53: 0 | H53: =G53*C53 -> 0 | I53: =H53+F53 -> 109
B54: - เหล็กแผ่น 6' x 6' x 6 มม. | C54: =14/6 -> 2.3333333 | D54: แผ่น | E54: 53 | F54: =E54*C54 -> 123.66667 | G54: 0 | H54: =G54*C54 -> 0 | I54: =H54+F54 -> 123.66667
B55: - เหล็กแฟตบาร์ 3" * 6.00 หนา 6.00 มม. | C55: =1/6 -> 0.16666667 | D55: แผ่น | E55: 670 | F55: =E55*C55 -> 111.66667 | G55: 0 | H55: =G55*C55 -> 0 | I55: =H55+F55 -> 111.66667
B56: - ลวดเชื่อม KOBE 2.6 มม. | C56: =1/6 -> 0.16666667 | D56: ลัง | E56: 1500 | F56: =E56*C56 -> 250 | G56: 0 | H56: =G56*C56 -> 0 | I56: =H56+F56 -> 250
B57: - ทาสีกันสนิมโครงเหล็กหลังคา KOBE สีเทา | C57: =6/6 -> 1 | D57: ถัง | E57: 1189 | F57: =E57*C57 -> 1189 | G57: 0 | H57: =G57*C57 -> 0 | I57: =H57+F57 -> 1189
B58: - น้ำมันสน | C58: =10/6 -> 1.6666667 | D58: ถัง | E58: 499 | F58: =E58*C58 -> 831.66667 | G58: 0 | H58: =G58*C58 -> 0 | I58: =H58+F58 -> 831.66667
B59: - ใบตัดเหล็ก 14 นิ้ว | C59: =10/6 -> 1.6666667 | D59: ใบ | E59: 98 | F59: =E59*C59 -> 163.33333 | G59: 0 | H59: =G59*C59 -> 0 | I59: =H59+F59 -> 163.33333
B60: - งานติดตั้งโครงหลังคาเหล็ก | C60: =446.43/6 -> 74.405 | D60: ตรม | E60: 0 | F60: =E60*C60 -> 0 | G60: 0 | H60: =G60*C60 -> 0 | I60: =H60+F60 -> 0
B61: - งานทำมุกหน้าบ้าน | C61: 1 | D61: หลัง | E61: 0 | F61: =E61*C61 -> 0 | G61: 1000 | H61: =G61*C61 -> 1000 | I61: =H61+F61 -> 1000
B62: - งานตั้งเสา | C62: =11/6 -> 1.8333333 | D62: ต้น | E62: 0 | F62: =E62*C62 -> 0 | G62: 300 | H62: =G62*C62 -> 550 | I62: =H62+F62 -> 550
B63: - งานเชื่อมเหล็กท้าวแขน | C63: =8/6 -> 1.3333333 | D63: ต้น | E63: 0 | F63: =E63*C63 -> 0 | G63: 500 | H63: =G63*C63 -> 666.66667 | I63: =H63+F63 -> 666.66667
B64: - งานติดตั้งซีซาแนลมุกหน้าบ้าน | C64: 4 | D64: เมตร | E64: 0 | F64: =E64*C64 -> 0 | G64: 80 | H64: =G64*C64 -> 320 | I64: =H64+F64 -> 320
B65: รวมงานข้อ 1.7 | F65: =SUM(F46:F64) -> 19919.167 | H65: =SUM(H46:H64) -> 2536.6667 | I65: =SUM(I46:I64) -> 22455.833 | K65: =H65+F65 -> 22455.833
A66: 1 | B66: รวมค่างานโครงสร้างวิศวกรรมทั้งหมด | D66: รวม | F66: =F12+F16+F23+F30+F37+F44+F65 -> 110913.89 | H66: =H12+H16+H23+H30+H37+H44+H65 -> 38008.667 | I66: =I12+I16+I23+I30+I37+I44+I65 -> 148922.56 | K66: =H66+F66 -> 148922.56
A68: 2 | B68: งานสถาปัตยกรรม
B69: 2.1 งานประปาโครงสร้าง
B70: - ท่อ PVC C5 6 นิ้ว แบบบาน | C70: =30/6 -> 5 | D70: เส้น | E70: 1090 | F70: =E70*C70 -> 5450 | G70: 0 | H70: =G70*C70 -> 0 | I70: =H70+F70 -> 5450
B71: - ท่อ PVC C5 4 นิ้ว | C71: =12/6 -> 2 | D71: เส้น | E71: 510 | F71: =E71*C71 -> 1020 | G71: 0 | H71: =G71*C71 -> 0 | I71: =H71+F71 -> 1020
B72: - ท่อ PVC C5 2.5 นิ้ว | C72: =6/6 -> 1 | D72: เส้น | E72: 234 | F72: =E72*C72 -> 234 | G72: 0 | H72: =G72*C72 -> 0 | I72: =H72+F72 -> 234
B73: - ท่อ PVC C5 2 นิ้ว | C73: =12/6 -> 2 | D73: เส้น | E73: 144 | F73: =E73*C73 -> 288 | G73: 0 | H73: =G73*C73 -> 0 | I73: =H73+F73 -> 288
B74: - ท่อ PVC C5 1.5 นิ้ว | C74: =6/6 -> 1 | D74: เส้น | E74: 53 | F74: =E74*C74 -> 53 | G74: 0 | H74: =G74*C74 -> 0 | I74: =H74+F74 -> 53
B75: - ท่อ PVC C5 1 นิ้ว | C75: =6/6 -> 1 | D75: เส้น | E75: 48 | F75: =E75*C75 -> 48 | G75: 0 | H75: =G75*C75 -> 0 | I75: =H75+F75 -> 48
B76: - ท่อ PVC C13.5 3/4 | C76: =6/6 -> 1 | D76: เส้น | E76: 64 | F76: =E76*C76 -> 64 | G76: 0 | H76: =G76*C76 -> 0 | I76: =H76+F76 -> 64
B77: - ข้องอ 90 4 นิ้ว แบบบาง | C77: =6/6 -> 1 | D77: ตัว | E77: 84.6 | F77: =E77*C77 -> 84.6 | G77: 0 | H77: =G77*C77 -> 0 | I77: =H77+F77 -> 84.6
B78: - ข้องอ 45 4 นิ้ว แบบบาง | C78: =18/6 -> 3 | D78: ตัว | E78: 84.6 | F78: =E78*C78 -> 253.8 | G78: 0 | H78: =G78*C78 -> 0 | I78: =H78+F78 -> 253.8
B79: - ข้องอ 90 2.5 นิ้ว แบบบาง | C79: =24/6 -> 4 | D79: ตัว | E79: 22.8 | F79: =E79*C79 -> 91.2 | G79: 0 | H79: =G79*C79 -> 0 | I79: =H79+F79 -> 91.2
B80: - ข้อต่อสามทาง 2.5 นิ้ว แบบบาง | C80: =12/6 -> 2 | D80: ตัว | E80: 31.3 | F80: =E80*C80 -> 62.6 | G80: 0 | H80: =G80*C80 -> 0 | I80: =H80+F80 -> 62.6
B81: - ข้องอ 90 2 นิ้ว แบบบาง | C81: =24/6 -> 4 | D81: ตัว | E81: 13.9 | F81: =E81*C81 -> 55.6 | G81: 0 | H81: =G81*C81 -> 0 | I81: =H81+F81 -> 55.6
B82: - ข้องอ 90 1.5 นิ้ว แบบบาง | C82: =6/6 -> 1 | D82: ตัว | E82: 8.05 | F82: =E82*C82 -> 8.05 | G82: 0 | H82: =G82*C82 -> 0 | I82: =H82+F82 -> 8.05
B83: - ข้อต่อสามทาง 2 นิ้ว แบบบาง | C83: =12/6 -> 2 | D83: ตัว | E83: 18.6 | F83: =E83*C83 -> 37.2 | G83: 0 | H83: =G83*C83 -> 0 | I83: =H83+F83 -> 37.2
B84: - ข้อต่อตรง 2 นิ้ว ลด 1.5 นิ้ว แบบบาง | C84: =6/6 -> 1 | D84: ตัว | E84: 13.8 | F84: =E84*C84 -> 13.8 | G84: 0 | H84: =G84*C84 -> 0 | I84: =H84+F84 -> 13.8
B85: - ข้อต่อตรงเกลียวนอก 1.5 นิ้ว แบบบาง | C85: =6/6 -> 1 | D85: ตัว | E85: 15 | F85: =E85*C85 -> 15 | G85: 0 | H85: =G85*C85 -> 0 | I85: =H85+F85 -> 15
B86: - ข้อต่อตรง 1.5 นิ้ว ลด 1 นิ้ว แบบบาง | C86: =6/6 -> 1 | D86: ตัว | E86: 13 | F86: =E86*C86 -> 13 | G86: 0 | H86: =G86*C86 -> 0 | I86: =H86+F86 -> 13
B87: - ข้อต่อตรง 1 นิ้ว ลด 3/4 นิ้ว แบบบาง | C87: =6/6 -> 1 | D87: ตัว | E87: 12 | F87: =E87*C87 -> 12 | G87: 0 | H87: =G87*C87 -> 0 | I87: =H87+F87 -> 12
B88: - ข้องอ 90 3/4 นิ้ว | C88: =6/6 -> 1 | D88: ตัว | E88: 4.7 | F88: =E88*C88 -> 4.7 | G88: 0 | H88: =G88*C88 -> 0 | I88: =H88+F88 -> 4.7
B89: - กาวทาท่อ 1000G | C89: =7.5/6 -> 1.25 | D89: ก.ป. | E89: 434 | F89: =E89*C89 -> 542.5 | G89: 0 | H89: =G89*C89 -> 0 | I89: =H89+F89 -> 542.5
B90: - ถังบำบัดน้ำเสีย DOS 1600 L | C90: =6/6 -> 1 | D90: ถัง | E90: 3600 | F90: =E90*C90 -> 3600 | G90: 0 | H90: =G90*C90 -> 0 | I90: =H90+F90 -> 3600
B91: - ท่อ PE เกษตร 20*20 | C91: =2/6 -> 0.33333333 | D91: ม้วน | E91: 600 | F91: =E91*C91 -> 200 | G91: 0 | H91: =G91*C91 -> 0 | I91: =H91+F91 -> 200
B92: - ถังดักไขมัน 25 L | C92: =6/6 -> 1 | D92: ถัง | E92: 1100 | F92: =E92*C92 -> 1100 | G92: 0 | H92: =G92*C92 -> 0 | I92: =H92+F92 -> 1100
B93: - พลาสติกใส ขาวขุน 1.40*50 | C93: =3.5/6 -> 0.58333333 | D93: ม้วน | E93: 160 | F93: =E93*C93 -> 93.333333 | G93: 0 | H93: =G93*C93 -> 0 | I93: =H93+F93 -> 93.333333
B94: - บ่อพัก พร้อมฝา ขนาด 0.35*0.40 ม. | C94: =12/6 -> 2 | D94: อัน | E94: 108 | F94: =E94*C94 -> 216 | G94: 0 | H94: =G94*C94 -> 0 | I94: =H94+F94 -> 216
B95: - ฝาบ่อพัก | C95: =12/6 -> 2 | D95: ฝา | E95: 42 | F95: =E95*C95 -> 84 | G95: 0 | H95: =G95*C95 -> 0 | I95: =H95+F95 -> 84
B96: รวมงานข้อ 2.1 | F96: =SUM(F70:F95) -> 13644.383 | H96: =SUM(H70:H95) -> 0 | I96: =SUM(I70:I95) -> 13644.383 | K96: =H96+F96 -> 13644.383
B97: 2.3 งานผนังจับเซี้ยมอุดรู เจีย
B98: - ปูนก่ออิฐมวลเบา | C98: 1 | D98: ลูก | E98: 109 | F98: =E98*C98 -> 109 | G98: 6000 | H98: =G98*C98 -> 6000 | I98: =H98+F98 -> 6109
B99: - ปูนฉาบอิฐมวลเบา M210 | C99: =20/6 -> 3.3333333 | D99: ลูก | E99: 75 | F99: =E99*C99 -> 250 | G99: 0 | H99: =G99*C99 -> 0 | I99: =H99+F99 -> 250
B100: รวมงานข้อ 2.3 | F100: =SUM(F98:F99) -> 359 | H100: =SUM(H98:H99) -> 6000 | I100: =SUM(I98:I99) -> 6359 | K100: =H100+F100 -> 6359
B101: 2.4 งานก่อรั้วหน้าบ้าน
B102: - ผนังก่ออิฐบล็อค | C102: =525/6 -> 87.5 | D102: ก้อน | E102: 5.5 | F102: =E102*C102 -> 481.25 | G102: 0 | H102: =G102*C102 -> 0 | I102: =H102+F102 -> 481.25
B103: - หิน3/4 | C103: =2/6 -> 0.33333333 | D103: คิว | E103: 500 | F103: =E103*C103 -> 166.66667 | G103: 0 | H103: =G103*C103 -> 0 | I103: =H103+F103 -> 166.66667
...

Sheet จำนวนโครงการ 
B3: โครงการ Nakhon Luang 1 | F3: โครงการ Prime Life Ayutthaya
B5: ลำดับ | C5: รายการ | D5: จำนวนหลัง | F5: ลำดับ | G5: รายการ | H5: จำนวนหลัง
B6: 1 | C6: จัดสรร | D6: ไม่ต้องใส่อะไร ตั้งชื่ออย่างเดียว | F6: 1 | G6: จัดสรร | H6: ไม่ต้องใส่อะไร ตั้งชื่ออย่างเดียว
B7: 2 | C7: ที่ดิน ถมที่ | D7: ไม่ต้องใส่อะไร ตั้งชื่ออย่างเดียว | F7: 2 | G7: ที่ดิน ถมที่ | H7: ไม่ต้องใส่อะไร ตั้งชื่ออย่างเดียว
B8: 3 | C8: แคมป์คนงาน+สโตร์ | D8: ไม่ต้องใส่อะไร ตั้งชื่ออย่างเดียว | F8: 3 | G8: แคมป์คนงาน+สโตร์ | H8: ไม่ต้องใส่อะไร ตั้งชื่ออย่างเดียว
B9: 4 | C9: ค่าเช่าเครื่องจักร | D9: ไม่ต้องใส่อะไร ตั้งชื่ออย่างเดียว | F9: 4 | G9: ค่าเช่าเครื่องจักร | H9: ไม่ต้องใส่อะไร ตั้งชื่ออย่างเดียว
B10: 5 | C10: งาน สาธารณูปโภคโครงการ | D10: ไม่ต้องใส่อะไร ตั้งชื่ออย่างเดียว | F10: 5 | G10: งาน สาธารณูปโภคโครงการ | H10: ไม่ต้องใส่อะไร ตั้งชื่ออย่างเดียว
B11: 6 | C11: รั้ว กำแพง โครงการ | D11: ไม่ต้องใส่อะไร ตั้งชื่ออย่างเดียว | F11: 6 | G11: รั้ว กำแพง โครงการ | H11: ไม่ต้องใส่อะไร ตั้งชื่ออย่างเดียว
B12: 7 | C12: ค่าใช้จ่ายส่วนกลาง | D12: ไม่ต้องใส่อะไร ตั้งชื่ออย่างเดียว | F12: 7 | G12: ค่าใช้จ่ายส่วนกลาง | H12: ไม่ต้องใส่อะไร ตั้งชื่ออย่างเดียว
B13: 8 | C13: ค่าใช้จ่ายธนาคารทั้งหมด | D13: ไม่ต้องใส่อะไร ตั้งชื่ออย่างเดียว | F13: 8 | G13: ค่าใช้จ่ายธนาคารทั้งหมด | H13: ไม่ต้องใส่อะไร ตั้งชื่ออย่างเดียว
B14: 9 | C14: เงินเดือนพนักงาน | D14: ไม่ต้องใส่อะไร ตั้งชื่ออย่างเดียว | F14: 9 | G14: เงินเดือนพนักงาน | H14: ไม่ต้องใส่อะไร ตั้งชื่ออย่างเดียว
B15: 10 | C15: โปรโมชั้น | D15: ไม่ต้องใส่อะไร ตั้งชื่ออย่างเดียว | F15: 10 | G15: โปรโมชั้น | H15: ไม่ต้องใส่อะไร ตั้งชื่ออย่างเดียว
B16: 11 | C16: สำนักงานขาย | D16: ไม่ต้องใส่อะไร ตั้งชื่ออย่างเดียว | F16: 11 | G16: สำนักงานขาย PL | H16: 1
B17: 12 | C17: NL B24 | D17: 4 | F17: 12 | G17: PL B1 | H17: 7
B18: 13 | C18: NL B25 | D18: 4 | F18: 13 | G18: PL B2 | H18: 8
B19: 14 | C19: NL B26 | D19: 4 | F19: 14 | G19: PL B3 | H19: 8
B20: 15 | C20: NL B27 | D20: 4 | F20: 15 | G20: PL B4 | H20: 8
B21: 16 | C21: NL B28 | D21: 4 | F21: 16 | G21: PL B5 | H21: 8
B22: 16 | C22: NL B29
B23: 16 | C23: NL B30 | D23: 4
B24: 17 | C24: NL B31 | D24: 4
B25: 18 | C25: NL B32
B26: 19 | C26: NL B33 | D26: 4
B27: 20 | C27: NL B34 | D27: 4
B28: 21 | C28: NL B35
B29: 22 | C29: NL B36 | D29: 4
B30: 23 | C30: NL B37
B31: 24 | C31: NL B38 | D31: 4

Sheet หลังกลาง
A1: BOQ สรุปรายการปริมาณงานและราคา บ้านแถวหลังกลาง
A4: ลำดับที่ | B4: รายการ | C4: จำนวน | D4: หน่วย | E4: ค่าวัสดุ | G4: ค่าแรงงาน | I4: รวมค่าวัสดุและ | J4: หมายเหตุ
E5: ราคาต่อหน่วย | F5: จำนวนเงิน (บาท) | G5: ราคาต่อหน่วย | H5: จำนวนเงิน (บาท) | I5: ค่าแรงงาน (บาท)
A6: 1 | B6: งานโครงสร้างวิศวกรรม
B7: 1.1 งานดิน หิน ทราย และฐานราก
B8: - ขุดดินฐานรากและถมคืน (งานแบ็คโคร) | C8: =10/6 -> 1.6666667 | D8: วัน | E8: 3500 | F8: =E8*C8 -> 5833.3333 | G8: 0 | H8: =G8*E8 -> 0 | I8: =H8+F8 -> 5833.3333
B9: - คอนกรีตผสมเสร็จ 280 กก./ตร.ซม. (ลูกบาศก์) | C9: =5.5/6 -> 0.91666667 | D9: ลบ.ม. | E9: 1500 | F9: =E9*C9 -> 1375 | G9: 1 | H9: =G9*E9 -> 1500 | I9: =H9+F9 -> 2875
B10: - คอนกรีตหยาบรองก้นฐานราก 1:3:5 | C10: 0 | D10: ลบ.ม. | E10: 0 | F10: =E10*C10 -> 0 | G10: 2 | H10: =G10*E10 -> 0 | I10: =H10+F10 -> 0
B11: - ทรายถมปรับระดับ | C11: =40/6 -> 6.6666667 | D11: ลบ.ม. | E11: 100 | F11: =E11*C11 -> 666.66667 | G11: 3 | H11: =G11*E11 -> 300 | I11: =H11+F11 -> 966.66667
B12: รวมงานข้อ 1.1 | F12: =SUM(F8:F11) -> 7875 | H12: =SUM(H8:H11) -> 1800 | I12: =SUM(I8:I11) -> 9675 | K12: =H12+F12 -> 9675
B13: 1.2 งานตอกเสาเข็ม
B14: - เสาเข็ม ไอตัน ขนาด 0.18 x 0.18 x 16 ม. | C14: =53/6 -> 8.8333333 | D14: ต้น | E14: 2080 | F14: =E14*C14 -> 18373.333 | G14: 750 | H14: =G14*C14 -> 6625 | I14: =H14+F14 -> 24998.333
B15: - ค่าสกัดหัวเสาเข็ม | C15: 0 | D15: ต้น | E15: 0 | F15: =E15*C15 -> 0 | G15: 0 | H15: =G15*C15 -> 0 | I15: =H15+F15 -> 0
B16: รวมงานข้อ 1.2 | F16: =SUM(F14:F15) -> 18373.333 | H16: =SUM(H14:H15) -> 6625 | I16: =SUM(I14:I15) -> 24998.333 | K16: =H16+F16 -> 24998.333
B17: 1.3 งานแบบหล่อคอนกรีต
B18: - ไม้แบบทั่วไป | C18: =20/6 -> 3.3333333 | D18: แผ่น | E18: 590 | F18: =E18*C18 -> 1966.6667 | G18: 0 | H18: =G18*E18 -> 0 | I18: =H18+F18 -> 1966.6667
B19: - ไม้คร่าว | C19: 0 | D19: ลบ.ฟ. | E19: 0 | F19: =E19*C19 -> 0 | G19: 0 | H19: =G19*E19 -> 0 | I19: =H19+F19 -> 0
B20: - ไม้ค้ำยัน | C20: =200/6 -> 33.333333 | D20: ต้น | E20: 25 | F20: =E20*C20 -> 833.33333 | G20: 0 | H20: =G20*E20 -> 0 | I20: =H20+F20 -> 833.33333
B21: - ตะปูขนาดต่างๆ | C21: 0 | D21: กก. | E21: 0 | F21: =E21*C21 -> 0 | G21: 0 | H21: =G21*E21 -> 0 | I21: =H21+F21 -> 0
B22: - ค่าแรงงานไม้แบบ | C22: 0 | D22: ตร.ม. | E22: 0 | F22: =E22*C22 -> 0 | G22: 0 | H22: =G22*E22 -> 0 | I22: =H22+F22 -> 0
B23: รวมงานข้อ 1.3 | F23: =SUM(F18:F22) -> 2800 | H23: =SUM(H18:H22) -> 0 | I23: =SUM(I18:I22) -> 2800 | K23: =H23+F23 -> 2800
B24: 1.4 งานคอนกรีตโครงสร้าง
B25: - คอนกรีตหยาบ( lean) | C25: =15/6 -> 2.5 | D25: ลบ.ม. | E25: 1300 | F25: =E25*C25 -> 3250 | G25: 0 | H25: =G25*C25 -> 0 | I25: =H25+F25 -> 3250
B26: - คอนกรีตผสมเสร็จ 280 กก./ตร.ซม. (ลูกบาศก์) | C26: =55/6 -> 9.1666667 | D26: ลบ.ม. | E26: 1500 | F26: =E26*C26 -> 13750 | G26: 0 | H26: =G26*C26 -> 0 | I26: =H26+F26 -> 13750
B27: - คอนกรีตผสมเสร็จ 320 กก./ตร.ซม. (ลูกบาศก์) | C27: 0 | D27: ลบ.ม. | E27: 1600 | F27: =E27*C27 -> 0 | G27: 0 | H27: =G27*C27 -> 0 | I27: =H27+F27 -> 0
B28: - เหล็กตะแกรง WIRE MESH Ø 6 มม. @ 0.20 ม. (ข้ออ้อย) | C28: =600/6 -> 100 | D28: ตร.ม. | E28: 74.2 | F28: =E28*C28 -> 7420 | G28: 0 | H28: =G28*C28 -> 0 | I28: =H28+F28 -> 7420
B29: - ค่าแรงงานโครงสร้าง | C29: =600/6 -> 100 | D29: ตร.ม. | E29: 0 | F29: =E29*C29 -> 0 | G29: 173.47 | H29: =G29*C29 -> 17347 | I29: =H29+F29 -> 17347
B30: รวมงานข้อ 1.4 | F30: =SUM(F25:F29) -> 24420 | H30: =SUM(H25:H29) -> 17347 | I30: =SUM(I25:I29) -> 41767 | K30: =H30+F30 -> 41767
B31: 1.5 งานเหล็กเสริมคอนกรีต
B32: - เหล็กเส้นกลมผิวเรียบ SR 24 ขนาด Ø 6 มม. | C32: =(50*2.22/1000)/6 -> 0.0185 | D32: ตัน | E32: 64 | F32: =C32*1000/2.22*E32 -> 533.33333 | G32: 0 | H32: =G32*C32 -> 0 | I32: =H32+F32 -> 533.33333
B33: - เหล็กเส้นกลมผิวเรียบ SR 24 ขนาด Ø 9 มม. | C33: =(65*4.99/1000)/6 -> 0.054058333 | D33: ตัน | E33: 137 | F33: =C33*1000/4.99*E33 -> 1484.1667 | G33: 0 | H33: =G33*C33 -> 0 | I33: =H33+F33 -> 1484.1667
B34: - เหล็กเส้นกลมผิวข้ออ้อย SD 40 ขนาด Ø 12 มม. | C34: =(215*8.88/1000)/6 -> 0.3182 | D34: ตัน | E34: 240 | F34: =C34*1000/8.88*E34 -> 8600 | G34: 0 | H34: =G34*C34 -> 0 | I34: =H34+F34 -> 8600
B35: - เหล็กเส้นกลมผิวข้ออ้อย SD 40 ขนาด Ø 16 มม. | C35: 0 | D35: ตัน | E35: 425 | F35: =C35*1000/15.78*E35 -> 0 | G35: 0 | H35: =G35*C35 -> 0 | I35: =H35+F35 -> 0
B36: - ลวดผูกเหล็ก Ø 1.25 มม. (เบอร์ 18) | C36: 0 | D36: กก. | E36: 0 | F36: =E36*C36 -> 0 | G36: 0 | H36: =G36*C36 -> 0 | I36: =H36+F36 -> 0
B37: รวมงานข้อ 1.5 | F37: =SUM(F32:F36) -> 10617.5 | H37: =SUM(H32:H36) -> 0 | I37: =SUM(I32:I36) -> 10617.5 | K37: =H37+F37 -> 10617.5
B38: 1.6 งานผนังสำเร็จ (แบบหล่อพร้อมจับเซี้ยม)
B39: - เหล็กเส้นกลมผิวเรียบ SR 24 ขนาด Ø 9 มม. | C39: =0.299/6 -> 0.049833333 | D39: ตัน | E39: 137 | F39: =C39*1000/4.99*E39 -> 1368.1697 | G39: 0 | H39: =G39*C39 -> 0 | I39: =H39+F39 -> 1368.1697
B40: - เหล็กเส้นกลมผิวข้ออ้อย SD 40 ขนาด Ø 12 มม. | C40: =0.53/6 -> 0.088333333 | D40: ตัน | E40: 240 | F40: =C40*1000/8.88*E40 -> 2387.3874 | G40: 0 | H40: =G40*C40 -> 0 | I40: =H40+F40 -> 2387.3874
B41: - คอนกรีตผสมเสร็จ 280 กก./ตร.ซม. (ปั้ม) | C41: =59/6 -> 9.8333333 | D41: ลบ.ม. | E41: 1600 | F41: =E41*C41 -> 15733.333 | G41: 0 | H41: =G41*C41 -> 0 | I41: =H41+F41 -> 15733.333
B42: - เหล็กตะแกรง WIRE MESH Ø 6 มม. @ 0.20 ม. | C42: =600/6 -> 100 | D42: ตร.ม. | E42: 74.2 | F42: =E42*C42 -> 7420 | G42: 0 | H42: =G42*C42 -> 0 | I42: =H42+F42 -> 7420
B43: - ค่าแรงงานผนังสำเร็จ | C43: =600/6 -> 100 | D43: ตร.ม. | E43: 0 | F43: 0 | G43: 115 | H43: =G43*C43 -> 11500 | I43: =H43+F43 -> 11500
B44: รวมงานข้อ 1.6 | F44: =SUM(F39:F43) -> 26908.89 | H44: =SUM(H39:H43) -> 11500 | I44: =SUM(I39:I43) -> 38408.89 | K44: =H44+F44 -> 38408.89
B45: 1.7 งานโครงหลังคาเหล็ก
B46: - เหล็กกล่อง 1''*1''*1.8 มม. | C46: =12/6 -> 2 | D46: เส้น | E46: 225 | F46: =E46*C46 -> 450 | G46: 0 | H46: =G46*C46 -> 0 | I46: =H46+F46 -> 450
B47: - เหล็กกล่อง 2''*2''*1.8มม. | C47: =73/6 -> 12.166667 | D47: เส้น | E47: 500 | F47: =E47*C47 -> 6083.3333 | G47: 0 | H47: =G47*C47 -> 0 | I47: =H47+F47 -> 6083.3333
B48: - เหล็กตัวซี C 100 x 50 x 2.0 มม. | C48: =46/6 -> 7.6666667 | D48: เส้น | E48: 650 | F48: =E48*C48 -> 4983.3333 | G48: 0 | H48: =G48*C48 -> 0 | I48: =H48+F48 -> 4983.3333
B49: - เหล็กตัวซี C 100 x 50 x 2.3 มม. | C49: =28/6 -> 4.6666667 | D49: เส้น | E49: 740 | F49: =E49*C49 -> 3453.3333 | G49: 0 | H49: =G49*C49 -> 0 | I49: =H49+F49 -> 3453.3333
B50: - เหล็กกล่อง 100*100*3.2 มม. | C50: =2/6 -> 0.33333333 | D50: เส้น | E50: 1900 | F50: =E50*C50 -> 633.33333 | G50: 0 | H50: =G50*C50 -> 0 | I50: =H50+F50 -> 633.33333
B51: - เหล็กแฟตบาร์ 4" * 6.00 หนา 6.00 มม. | C51: =1/6 -> 0.16666667 | D51: เส้น | E51: 905 | F51: =E51*C51 -> 150.83333 | G51: 0 | H51: =G51*C51 -> 0 | I51: =H51+F51 -> 150.83333
B52: - เหล็กกล่อง 100*50*2.3 มม. | C52: =8/6 -> 1.3333333 | D52: เส้น | E52: 1040 | F52: =E52*C52 -> 1386.6667 | G52: 0 | H52: =G52*C52 -> 0 | I52: =H52+F52 -> 1386.6667
B53: - เหล็กแผ่น 8' x 8' x 6 มม. | C53: =6/6 -> 1 | D53: แผ่น | E53: 109 | F53: =E53*C53 -> 109 | G53: 0 | H53: =G53*C53 -> 0 | I53: =H53+F53 -> 109
B54: - เหล็กแผ่น 6' x 6' x 6 มม. | C54: =14/6 -> 2.3333333 | D54: แผ่น | E54: 53 | F54: =E54*C54 -> 123.66667 | G54: 0 | H54: =G54*C54 -> 0 | I54: =H54+F54 -> 123.66667
B55: - เหล็กแฟตบาร์ 3" * 6.00 หนา 6.00 มม. | C55: =1/6 -> 0.16666667 | D55: แผ่น | E55: 670 | F55: =E55*C55 -> 111.66667 | G55: 0 | H55: =G55*C55 -> 0 | I55: =H55+F55 -> 111.66667
B56: - ลวดเชื่อม KOBE 2.6 มม. | C56: =1/6 -> 0.16666667 | D56: ลัง | E56: 1500 | F56: =E56*C56 -> 250 | G56: 0 | H56: =G56*C56 -> 0 | I56: =H56+F56 -> 250
B57: - ทาสีกันสนิมโครงเหล็กหลังคา KOBE สีเทา | C57: =6/6 -> 1 | D57: ถัง | E57: 1189 | F57: =E57*C57 -> 1189 | G57: 0 | H57: =G57*C57 -> 0 | I57: =H57+F57 -> 1189
B58: - น้ำมันสน | C58: =10/6 -> 1.6666667 | D58: ถัง | E58: 499 | F58: =E58*C58 -> 831.66667 | G58: 0 | H58: =G58*C58 -> 0 | I58: =H58+F58 -> 831.66667
B59: - ใบตัดเหล็ก 14 นิ้ว | C59: =10/6 -> 1.6666667 | D59: ใบ | E59: 98 | F59: =E59*C59 -> 163.33333 | G59: 0 | H59: =G59*C59 -> 0 | I59: =H59+F59 -> 163.33333
B60: - งานติดตั้งโครงหลังคาเหล็ก | C60: =446.43/6 -> 74.405 | D60: ตรม | E60: 0 | F60: =E60*C60 -> 0 | G60: 135 | H60: =G60*C60 -> 10044.675 | I60: =H60+F60 -> 10044.675
B61: - งานทำมุกหน้าบ้าน | D61: หลัง | E61: 0 | F61: =E61*C61 -> 0 | G61: 1000 | H61: =G61*C61 -> 0 | I61: =H61+F61 -> 0
B62: - งานตั้งเสา | C62: =11/6 -> 1.8333333 | D62: ต้น | E62: 0 | F62: =E62*C62 -> 0 | G62: 300 | H62: =G62*C62 -> 550 | I62: =H62+F62 -> 550
B63: - งานเชื่อมเหล็กท้าวแขน | C63: =8/6 -> 1.3333333 | D63: ต้น | E63: 0 | F63: =E63*C63 -> 0 | G63: 500 | H63: =G63*C63 -> 666.66667 | I63: =H63+F63 -> 666.66667
B64: - งานติดตั้งซีซาแนลมุกหน้าบ้าน | C64: 4 | D64: เมตร | E64: 0 | F64: =E64*C64 -> 0 | G64: 80 | H64: =G64*C64 -> 320 | I64: =H64+F64 -> 320
B65: รวมงานข้อ 1.7 | F65: =SUM(F46:F64) -> 19919.167 | H65: =SUM(H46:H64) -> 11581.342 | I65: =SUM(I46:I64) -> 31500.508 | K65: =H65+F65 -> 31500.508
A66: 1 | B66: รวมค่างานโครงสร้างวิศวกรรมทั้งหมด | D66: รวม | F66: =F12+F16+F23+F30+F37+F44+F65 -> 110913.89 | H66: =H12+H16+H23+H30+H37+H44+H65 -> 48853.342 | I66: =I12+I16+I23+I30+I37+I44+I65 -> 159767.23 | K66: =H66+F66 -> 159767.23
A68: 2 | B68: งานสถาปัตยกรรม
B69: 2.1 งานประปาโครงสร้าง
B70: - ท่อ PVC C5 6 นิ้ว แบบบาน | C70: =30/6 -> 5 | D70: เส้น | E70: 1090 | F70: =E70*C70 -> 5450 | G70: 0 | H70: =G70*C70 -> 0 | I70: =H70+F70 -> 5450
B71: - ท่อ PVC C5 4 นิ้ว | C71: =12/6 -> 2 | D71: เส้น | E71: 510 | F71: =E71*C71 -> 1020 | G71: 0 | H71: =G71*C71 -> 0 | I71: =H71+F71 -> 1020
B72: - ท่อ PVC C5 2.5 นิ้ว | C72: =6/6 -> 1 | D72: เส้น | E72: 234 | F72: =E72*C72 -> 234 | G72: 0 | H72: =G72*C72 -> 0 | I72: =H72+F72 -> 234
B73: - ท่อ PVC C5 2 นิ้ว | C73: =12/6 -> 2 | D73: เส้น | E73: 144 | F73: =E73*C73 -> 288 | G73: 0 | H73: =G73*C73 -> 0 | I73: =H73+F73 -> 288
B74: - ท่อ PVC C5 1.5 นิ้ว | C74: =6/6 -> 1 | D74: เส้น | E74: 53 | F74: =E74*C74 -> 53 | G74: 0 | H74: =G74*C74 -> 0 | I74: =H74+F74 -> 53
B75: - ท่อ PVC C5 1 นิ้ว | C75: =6/6 -> 1 | D75: เส้น | E75: 48 | F75: =E75*C75 -> 48 | G75: 0 | H75: =G75*C75 -> 0 | I75: =H75+F75 -> 48
B76: - ท่อ PVC C13.5 3/4 | C76: =6/6 -> 1 | D76: เส้น | E76: 64 | F76: =E76*C76 -> 64 | G76: 0 | H76: =G76*C76 -> 0 | I76: =H76+F76 -> 64
B77: - ข้องอ 90 4 นิ้ว แบบบาง | C77: =6/6 -> 1 | D77: ตัว | E77: 84.6 | F77: =E77*C77 -> 84.6 | G77: 0 | H77: =G77*C77 -> 0 | I77: =H77+F77 -> 84.6
B78: - ข้องอ 45 4 นิ้ว แบบบาง | C78: =18/6 -> 3 | D78: ตัว | E78: 84.6 | F78: =E78*C78 -> 253.8 | G78: 0 | H78: =G78*C78 -> 0 | I78: =H78+F78 -> 253.8
B79: - ข้องอ 90 2.5 นิ้ว แบบบาง | C79: =24/6 -> 4 | D79: ตัว | E79: 22.8 | F79: =E79*C79 -> 91.2 | G79: 0 | H79: =G79*C79 -> 0 | I79: =H79+F79 -> 91.2
B80: - ข้อต่อสามทาง 2.5 นิ้ว แบบบาง | C80: =12/6 -> 2 | D80: ตัว | E80: 31.3 | F80: =E80*C80 -> 62.6 | G80: 0 | H80: =G80*C80 -> 0 | I80: =H80+F80 -> 62.6
B81: - ข้องอ 90 2 นิ้ว แบบบาง | C81: =24/6 -> 4 | D81: ตัว | E81: 13.9 | F81: =E81*C81 -> 55.6 | G81: 0 | H81: =G81*C81 -> 0 | I81: =H81+F81 -> 55.6
B82: - ข้องอ 90 1.5 นิ้ว แบบบาง | C82: =6/6 -> 1 | D82: ตัว | E82: 8.05 | F82: =E82*C82 -> 8.05 | G82: 0 | H82: =G82*C82 -> 0 | I82: =H82+F82 -> 8.05
B83: - ข้อต่อสามทาง 2 นิ้ว แบบบาง | C83: =12/6 -> 2 | D83: ตัว | E83: 18.6 | F83: =E83*C83 -> 37.2 | G83: 0 | H83: =G83*C83 -> 0 | I83: =H83+F83 -> 37.2
B84: - ข้อต่อตรง 2 นิ้ว ลด 1.5 นิ้ว แบบบาง | C84: =6/6 -> 1 | D84: ตัว | E84: 13.8 | F84: =E84*C84 -> 13.8 | G84: 0 | H84: =G84*C84 -> 0 | I84: =H84+F84 -> 13.8
B85: - ข้อต่อตรงเกลียวนอก 1.5 นิ้ว แบบบาง | C85: =6/6 -> 1 | D85: ตัว | E85: 15 | F85: =E85*C85 -> 15 | G85: 0 | H85: =G85*C85 -> 0 | I85: =H85+F85 -> 15
B86: - ข้อต่อตรง 1.5 นิ้ว ลด 1 นิ้ว แบบบาง | C86: =6/6 -> 1 | D86: ตัว | E86: 13 | F86: =E86*C86 -> 13 | G86: 0 | H86: =G86*C86 -> 0 | I86: =H86+F86 -> 13
B87: - ข้อต่อตรง 1 นิ้ว ลด 3/4 นิ้ว แบบบาง | C87: =6/6 -> 1 | D87: ตัว | E87: 12 | F87: =E87*C87 -> 12 | G87: 0 | H87: =G87*C87 -> 0 | I87: =H87+F87 -> 12
B88: - ข้องอ 90 3/4 นิ้ว | C88: =6/6 -> 1 | D88: ตัว | E88: 4.7 | F88: =E88*C88 -> 4.7 | G88: 0 | H88: =G88*C88 -> 0 | I88: =H88+F88 -> 4.7
B89: - กาวทาท่อ 1000G | C89: =7.5/6 -> 1.25 | D89: ก.ป. | E89: 434 | F89: =E89*C89 -> 542.5 | G89: 0 | H89: =G89*C89 -> 0 | I89: =H89+F89 -> 542.5
B90: - ถังบำบัดน้ำเสีย DOS 1600 L | C90: =6/6 -> 1 | D90: ถัง | E90: 3600 | F90: =E90*C90 -> 3600 | G90: 0 | H90: =G90*C90 -> 0 | I90: =H90+F90 -> 3600
B91: - ท่อ PE เกษตร 20*20 | C91: =2/6 -> 0.33333333 | D91: ม้วน | E91: 600 | F91: =E91*C91 -> 200 | G91: 0 | H91: =G91*C91 -> 0 | I91: =H91+F91 -> 200
B92: - ถังดักไขมัน 25 L | C92: =6/6 -> 1 | D92: ถัง | E92: 1100 | F92: =E92*C92 -> 1100 | G92: 0 | H92: =G92*C92 -> 0 | I92: =H92+F92 -> 1100
B93: - พลาสติกใส ขาวขุน 1.40*50 | C93: =3.5/6 -> 0.58333333 | D93: ม้วน | E93: 160 | F93: =E93*C93 -> 93.333333 | G93: 0 | H93: =G93*C93 -> 0 | I93: =H93+F93 -> 93.333333
B94: - บ่อพัก พร้อมฝา ขนาด 0.35*0.40 ม. | C94: =12/6 -> 2 | D94: อัน | E94: 108 | F94: =E94*C94 -> 216 | G94: 0 | H94: =G94*C94 -> 0 | I94: =H94+F94 -> 216
B95: - ฝาบ่อพัก | C95: =12/6 -> 2 | D95: ฝา | E95: 42 | F95: =E95*C95 -> 84 | G95: 0 | H95: =G95*C95 -> 0 | I95: =H95+F95 -> 84
B96: รวมงานข้อ 2.1 | F96: =SUM(F70:F95) -> 13644.383 | H96: =SUM(H70:H95) -> 0 | I96: =SUM(I70:I95) -> 13644.383 | K96: =H96+F96 -> 13644.383
B97: 2.3 งานผนังจับเซี้ยมอุดรู เจีย
B98: - ปูนก่ออิฐมวลเบา | C98: 1 | D98: ลูก | E98: 109 | F98: =E98*C98 -> 109 | G98: 6000 | H98: =G98*C98 -> 6000 | I98: =H98+F98 -> 6109
B99: - ปูนฉาบอิฐมวลเบา M210 | C99: =20/6 -> 3.3333333 | D99: ลูก | E99: 75 | F99: =E99*C99 -> 250 | G99: 0 | H99: =G99*C99 -> 0 | I99: =H99+F99 -> 250
B100: รวมงานข้อ 2.3 | F100: =SUM(F98:F99) -> 359 | H100: =SUM(H98:H99) -> 6000 | I100: =SUM(I98:I99) -> 6359 | K100: =H100+F100 -> 6359
B101: 2.4 งานก่อรั้วหน้าบ้าน
B102: - ผนังก่ออิฐบล็อค | C102: =525/6 -> 87.5 | D102: ก้อน | E102: 5.5 | F102: =E102*C102 -> 481.25 | G102: 0 | H102: =G102*C102 -> 0 | I102: =H102+F102 -> 481.25
B103: - หิน3/4 | C103: =2/6 -> 0.33333333 | D103: คิว | E103: 500 | F103: =E103*C103 -> 166.66667 | G103: 0 | H103: =G103*C103 -> 0 | I103: =H103+F103 -> 166.66667
...

Sheet บ้านแถว 4 หลังNL
A1: BOQ สรุปรายการปริมาณงานและราคา บ้านแถว 4 หลัง
A4: ลำดับที่ | B4: รายการ | C4: จำนวน | D4: หน่วย | E4: ค่าวัสดุ | G4: ค่าแรงงาน | I4: รวมค่าวัสดุและ | J4: หมายเหตุ
E5: ราคาต่อหน่วย | F5: จำนวนเงิน (บาท) | G5: ราคาต่อหน่วย | H5: จำนวนเงิน (บาท) | I5: ค่าแรงงาน (บาท)
A6: 1 | B6: งานโครงสร้างวิศวกรรม
B7: 1.1 งานดิน หิน ทราย และฐานราก
B8: - ขุดดินฐานรากและถมคืน (งานแบ็คโคร) | C8: =(หลังริม!C8*2)+(หลังกลาง!C8*2) -> 6.6666667 | D8: วัน | E8: 3500 | F8: =E8*C8 -> 23333.333 | G8: 0 | H8: =G8*E8 -> 0 | I8: =H8+F8 -> 23333.333
B9: - คอนกรีตผสมเสร็จ 280 กก./ตร.ซม. (ลูกบาศก์) | C9: =(หลังริม!C9*2)+(หลังกลาง!C9*2) -> 3.6666667 | D9: ลบ.ม. | E9: 1500 | F9: =E9*C9 -> 5500 | G9: 1 | H9: =G9*E9 -> 1500 | I9: =H9+F9 -> 7000
B10: - คอนกรีตหยาบรองก้นฐานราก 1:3:5 | C10: =(หลังริม!C10*2)+(หลังกลาง!C10*2) -> 0 | D10: ลบ.ม. | E10: 0 | F10: =E10*C10 -> 0 | G10: 2 | H10: =G10*E10 -> 0 | I10: =H10+F10 -> 0
B11: - ทรายถมปรับระดับ | C11: =(หลังริม!C11*2)+(หลังกลาง!C11*2) -> 26.666667 | D11: ลบ.ม. | E11: 100 | F11: =E11*C11 -> 2666.6667 | G11: 3 | H11: =G11*E11 -> 300 | I11: =H11+F11 -> 2966.6667
B12: รวมงานข้อ 1.1 | C12: =(หลังริม!C12*2)+(หลังกลาง!C12*2) -> 0 | F12: =SUM(F8:F11) -> 31500 | H12: =SUM(H8:H11) -> 1800 | I12: =SUM(I8:I11) -> 33300 | K12: =H12+F12 -> 33300
B13: 1.2 งานตอกเสาเข็ม | C13: =(หลังริม!C13*2)+(หลังกลาง!C13*2) -> 0
B14: - เสาเข็ม ไอตัน ขนาด 0.18 x 0.18 x 16 ม. | C14: =(หลังริม!C14*2)+(หลังกลาง!C14*2) -> 35.333333 | D14: ต้น | E14: 2080 | F14: =E14*C14 -> 73493.333 | G14: 750 | H14: =G14*C14 -> 26500 | I14: =H14+F14 -> 99993.333
B15: - ค่าสกัดหัวเสาเข็ม | C15: =(หลังริม!C15*2)+(หลังกลาง!C15*2) -> 0 | D15: ต้น | E15: 0 | F15: =E15*C15 -> 0 | G15: 0 | H15: =G15*C15 -> 0 | I15: =H15+F15 -> 0
B16: รวมงานข้อ 1.2 | C16: =(หลังริม!C16*2)+(หลังกลาง!C16*2) -> 0 | F16: =SUM(F14:F15) -> 73493.333 | H16: =SUM(H14:H15) -> 26500 | I16: =SUM(I14:I15) -> 99993.333 | K16: =H16+F16 -> 99993.333
B17: 1.3 งานแบบหล่อคอนกรีต | C17: =(หลังริม!C17*2)+(หลังกลาง!C17*2) -> 0
B18: - ไม้แบบทั่วไป | C18: =(หลังริม!C18*2)+(หลังกลาง!C18*2) -> 13.333333 | D18: แผ่น | E18: 590 | F18: =E18*C18 -> 7866.6667 | G18: 0 | H18: =G18*E18 -> 0 | I18: =H18+F18 -> 7866.6667
B19: - ไม้คร่าว | C19: =(หลังริม!C19*2)+(หลังกลาง!C19*2) -> 0 | D19: ลบ.ฟ. | E19: 0 | F19: =E19*C19 -> 0 | G19: 0 | H19: =G19*E19 -> 0 | I19: =H19+F19 -> 0
B20: - ไม้ค้ำยัน | C20: =(หลังริม!C20*2)+(หลังกลาง!C20*2) -> 133.33333 | D20: ต้น | E20: 25 | F20: =E20*C20 -> 3333.3333 | G20: 0 | H20: =G20*E20 -> 0 | I20: =H20+F20 -> 3333.3333
B21: - ตะปูขนาดต่างๆ | C21: =(หลังริม!C21*2)+(หลังกลาง!C21*2) -> 0 | D21: กก. | E21: 0 | F21: =E21*C21 -> 0 | G21: 0 | H21: =G21*E21 -> 0 | I21: =H21+F21 -> 0
B22: - ค่าแรงงานไม้แบบ | C22: =(หลังริม!C22*2)+(หลังกลาง!C22*2) -> 0 | D22: ตร.ม. | E22: 0 | F22: =E22*C22 -> 0 | G22: 0 | H22: =G22*E22 -> 0 | I22: =H22+F22 -> 0
B23: รวมงานข้อ 1.3 | C23: =(หลังริม!C23*2)+(หลังกลาง!C23*2) -> 0 | F23: =SUM(F18:F22) -> 11200 | H23: =SUM(H18:H22) -> 0 | I23: =SUM(I18:I22) -> 11200 | K23: =H23+F23 -> 11200
B24: 1.4 งานคอนกรีตโครงสร้าง | C24: =(หลังริม!C24*2)+(หลังกลาง!C24*2) -> 0
B25: - คอนกรีตหยาบ( lean) | C25: =(หลังริม!C25*2)+(หลังกลาง!C25*2) -> 10 | D25: ลบ.ม. | E25: 1300 | F25: =E25*C25 -> 13000 | G25: 0 | H25: =G25*C25 -> 0 | I25: =H25+F25 -> 13000
B26: - คอนกรีตผสมเสร็จ 280 กก./ตร.ซม. (ลูกบาศก์) | C26: =(หลังริม!C26*2)+(หลังกลาง!C26*2) -> 36.666667 | D26: ลบ.ม. | E26: 1500 | F26: =E26*C26 -> 55000 | G26: 0 | H26: =G26*C26 -> 0 | I26: =H26+F26 -> 55000
B27: - คอนกรีตผสมเสร็จ 320 กก./ตร.ซม. (ลูกบาศก์) | C27: =(หลังริม!C27*2)+(หลังกลาง!C27*2) -> 0 | D27: ลบ.ม. | E27: 1600 | F27: =E27*C27 -> 0 | G27: 0 | H27: =G27*C27 -> 0 | I27: =H27+F27 -> 0
B28: - เหล็กตะแกรง WIRE MESH Ø 6 มม. @ 0.20 ม. (ข้ออ้อย) | C28: =(หลังริม!C28*2)+(หลังกลาง!C28*2) -> 400 | D28: ตร.ม. | E28: 74.2 | F28: =E28*C28 -> 29680 | G28: 0 | H28: =G28*C28 -> 0 | I28: =H28+F28 -> 29680
B29: - ค่าแรงงานโครงสร้าง | C29: =(หลังริม!C29*2)+(หลังกลาง!C29*2) -> 400 | D29: ตร.ม. | E29: 0 | F29: =E29*C29 -> 0 | G29: 173.47 | H29: =G29*C29 -> 69388 | I29: =H29+F29 -> 69388
B30: รวมงานข้อ 1.4 | C30: =(หลังริม!C30*2)+(หลังกลาง!C30*2) -> 0 | F30: =SUM(F25:F29) -> 97680 | H30: =SUM(H25:H29) -> 69388 | I30: =SUM(I25:I29) -> 167068 | K30: =H30+F30 -> 167068
B31: 1.5 งานเหล็กเสริมคอนกรีต | C31: =(หลังริม!C31*2)+(หลังกลาง!C31*2) -> 0
B32: - เหล็กเส้นกลมผิวเรียบ SR 24 ขนาด Ø 6 มม. | C32: =(หลังริม!C32*2)+(หลังกลาง!C32*2) -> 0.074 | D32: ตัน | E32: 64 | F32: =C32*1000/2.22*E32 -> 2133.3333 | G32: 0 | H32: =G32*C32 -> 0 | I32: =H32+F32 -> 2133.3333
B33: - เหล็กเส้นกลมผิวเรียบ SR 24 ขนาด Ø 9 มม. | C33: =(หลังริม!C33*2)+(หลังกลาง!C33*2) -> 0.21623333 | D33: ตัน | E33: 137 | F33: =C33*1000/4.99*E33 -> 5936.6667 | G33: 0 | H33: =G33*C33 -> 0 | I33: =H33+F33 -> 5936.6667
B34: - เหล็กเส้นกลมผิวข้ออ้อย SD 40 ขนาด Ø 12 มม. | C34: =(หลังริม!C34*2)+(หลังกลาง!C34*2) -> 1.2728 | D34: ตัน | E34: 240 | F34: =C34*1000/8.88*E34 -> 34400 | G34: 0 | H34: =G34*C34 -> 0 | I34: =H34+F34 -> 34400
B35: - เหล็กเส้นกลมผิวข้ออ้อย SD 40 ขนาด Ø 16 มม. | C35: =(หลังริม!C35*2)+(หลังกลาง!C35*2) -> 0 | D35: ตัน | E35: 425 | F35: =C35*1000/15.78*E35 -> 0 | G35: 0 | H35: =G35*C35 -> 0 | I35: =H35+F35 -> 0
B36: - ลวดผูกเหล็ก Ø 1.25 มม. (เบอร์ 18) | C36: =(หลังริม!C36*2)+(หลังกลาง!C36*2) -> 0 | D36: กก. | E36: 0 | F36: =E36*C36 -> 0 | G36: 0 | H36: =G36*C36 -> 0 | I36: =H36+F36 -> 0
B37: รวมงานข้อ 1.5 | C37: =(หลังริม!C37*2)+(หลังกลาง!C37*2) -> 0 | F37: =SUM(F32:F36) -> 42470 | H37: =SUM(H32:H36) -> 0 | I37: =SUM(I32:I36) -> 42470 | K37: =H37+F37 -> 42470
B38: 1.6 งานผนังสำเร็จ (แบบหล่อพร้อมจับเซี้ยม) | C38: =(หลังริม!C38*2)+(หลังกลาง!C38*2) -> 0
B39: - เหล็กเส้นกลมผิวเรียบ SR 24 ขนาด Ø 9 มม. | C39: =(หลังริม!C39*2)+(หลังกลาง!C39*2) -> 0.19933333 | D39: ตัน | E39: 137 | F39: =C39*1000/4.99*E39 -> 5472.6787 | G39: 0 | H39: =G39*C39 -> 0 | I39: =H39+F39 -> 5472.6787
B40: - เหล็กเส้นกลมผิวข้ออ้อย SD 40 ขนาด Ø 12 มม. | C40: =(หลังริม!C40*2)+(หลังกลาง!C40*2) -> 0.35333333 | D40: ตัน | E40: 240 | F40: =C40*1000/8.88*E40 -> 9549.5495 | G40: 0 | H40: =G40*C40 -> 0 | I40: =H40+F40 -> 9549.5495
B41: - คอนกรีตผสมเสร็จ 280 กก./ตร.ซม. (ปั้ม) | C41: =(หลังริม!C41*2)+(หลังกลาง!C41*2) -> 39.333333 | D41: ลบ.ม. | E41: 1600 | F41: =E41*C41 -> 62933.333 | G41: 0 | H41: =G41*C41 -> 0 | I41: =H41+F41 -> 62933.333
B42: - เหล็กตะแกรง WIRE MESH Ø 6 มม. @ 0.20 ม. | C42: =(หลังริม!C42*2)+(หลังกลาง!C42*2) -> 400 | D42: ตร.ม. | E42: 74.2 | F42: =E42*C42 -> 29680 | G42: 0 | H42: =G42*C42 -> 0 | I42: =H42+F42 -> 29680
B43: - ค่าแรงงานผนังสำเร็จ | C43: =(หลังริม!C43*2)+(หลังกลาง!C43*2) -> 400 | D43: ตร.ม. | E43: 0 | F43: 0 | G43: 115 | H43: =G43*C43 -> 46000 | I43: =H43+F43 -> 46000
B44: รวมงานข้อ 1.6 | C44: =(หลังริม!C44*2)+(หลังกลาง!C44*2) -> 0 | F44: =SUM(F39:F43) -> 107635.56 | H44: =SUM(H39:H43) -> 46000 | I44: =SUM(I39:I43) -> 153635.56 | K44: =H44+F44 -> 153635.56
B45: 1.7 งานโครงหลังคาเหล็ก | C45: =(หลังริม!C45*2)+(หลังกลาง!C45*2) -> 0
B46: - เหล็กกล่อง 1''*1''*1.8 มม. | C46: =(หลังริม!C46*2)+(หลังกลาง!C46*2) -> 8 | D46: เส้น | E46: 225 | F46: =E46*C46 -> 1800 | G46: 0 | H46: =G46*C46 -> 0 | I46: =H46+F46 -> 1800
B47: - เหล็กกล่อง 2''*2''*1.8มม. | C47: =(หลังริม!C47*2)+(หลังกลาง!C47*2) -> 48.666667 | D47: เส้น | E47: 500 | F47: =E47*C47 -> 24333.333 | G47: 0 | H47: =G47*C47 -> 0 | I47: =H47+F47 -> 24333.333
B48: - เหล็กตัวซี C 100 x 50 x 2.0 มม. | C48: =(หลังริม!C48*2)+(หลังกลาง!C48*2) -> 30.666667 | D48: เส้น | E48: 650 | F48: =E48*C48 -> 19933.333 | G48: 0 | H48: =G48*C48 -> 0 | I48: =H48+F48 -> 19933.333
B49: - เหล็กตัวซี C 100 x 50 x 2.3 มม. | C49: =(หลังริม!C49*2)+(หลังกลาง!C49*2) -> 18.666667 | D49: เส้น | E49: 740 | F49: =E49*C49 -> 13813.333 | G49: 0 | H49: =G49*C49 -> 0 | I49: =H49+F49 -> 13813.333
B50: - เหล็กกล่อง 100*100*3.2 มม. | C50: =(หลังริม!C50*2)+(หลังกลาง!C50*2) -> 1.3333333 | D50: เส้น | E50: 1900 | F50: =E50*C50 -> 2533.3333 | G50: 0 | H50: =G50*C50 -> 0 | I50: =H50+F50 -> 2533.3333
B51: - เหล็กแฟตบาร์ 4" * 6.00 หนา 6.00 มม. | C51: =(หลังริม!C51*2)+(หลังกลาง!C51*2) -> 0.66666667 | D51: เส้น | E51: 905 | F51: =E51*C51 -> 603.33333 | G51: 0 | H51: =G51*C51 -> 0 | I51: =H51+F51 -> 603.33333
B52: - เหล็กกล่อง 100*50*2.3 มม. | C52: =(หลังริม!C52*2)+(หลังกลาง!C52*2) -> 5.3333333 | D52: เส้น | E52: 1040 | F52: =E52*C52 -> 5546.6667 | G52: 0 | H52: =G52*C52 -> 0 | I52: =H52+F52 -> 5546.6667
B53: - เหล็กแผ่น 8' x 8' x 6 มม. | C53: =(หลังริม!C53*2)+(หลังกลาง!C53*2) -> 4 | D53: แผ่น | E53: 109 | F53: =E53*C53 -> 436 | G53: 0 | H53: =G53*C53 -> 0 | I53: =H53+F53 -> 436
B54: - เหล็กแผ่น 6' x 6' x 6 มม. | C54: =(หลังริม!C54*2)+(หลังกลาง!C54*2) -> 9.3333333 | D54: แผ่น | E54: 53 | F54: =E54*C54 -> 494.66667 | G54: 0 | H54: =G54*C54 -> 0 | I54: =H54+F54 -> 494.66667
B55: - เหล็กแฟตบาร์ 3" * 6.00 หนา 6.00 มม. | C55: =(หลังริม!C55*2)+(หลังกลาง!C55*2) -> 0.66666667 | D55: แผ่น | E55: 670 | F55: =E55*C55 -> 446.66667 | G55: 0 | H55: =G55*C55 -> 0 | I55: =H55+F55 -> 446.66667
B56: - ลวดเชื่อม KOBE 2.6 มม. | C56: =(หลังริม!C56*2)+(หลังกลาง!C56*2) -> 0.66666667 | D56: ลัง | E56: 1500 | F56: =E56*C56 -> 1000 | G56: 0 | H56: =G56*C56 -> 0 | I56: =H56+F56 -> 1000
B57: - ทาสีกันสนิมโครงเหล็กหลังคา KOBE สีเทา | C57: =(หลังริม!C57*2)+(หลังกลาง!C57*2) -> 4 | D57: ถัง | E57: 1189 | F57: =E57*C57 -> 4756 | G57: 0 | H57: =G57*C57 -> 0 | I57: =H57+F57 -> 4756
... B64: - งานติดตั้งซีซาแนลมุกหน้าบ้าน | C64: =(หลังริม!C64*2)+(หลังกลาง!C64*2) -> 16 | D64: เมตร | E64: 0 | F64: =E64*C64 -> 0 | G64: 80 | H64: =G64*C64 -> 1280 | I64: =H64+F64 -> 1280
B65: รวมงานข้อ 1.7 | C65: =(หลังริม!C65*2)+(หลังกลาง!C65*2) -> 0 | F65: =SUM(F46:F64) -> 79676.667 | H65: =SUM(H46:H64) -> 48325.367 | I65: =SUM(I46:I64) -> 128002.03 | K65: =H65+F65 -> 128002.03
A66: 1 | B66: รวมค่างานโครงสร้างวิศวกรรมทั้งหมด | C66: =(หลังริม!C66*2)+(หลังกลาง!C66*2) -> 0 | D66: รวม | F66: =F12+F16+F23+F30+F37+F44+F65 -> 443655.56 | H66: =H12+H16+H23+H30+H37+H44+H65 -> 192013.37 | I66: =I12+I16+I23+I30+I37+I44+I65 -> 635668.93 | K66: =H66+F66 -> 635668.93
C67: =(หลังริม!C67*2)+(หลังกลาง!C67*2) -> 0
A68: 2 | B68: งานสถาปัตยกรรม | C68: =(หลังริม!C68*2)+(หลังกลาง!C68*2) -> 0
B69: 2.1 งานประปาโครงสร้าง | C69: =(หลังริม!C69*2)+(หลังกลาง!C69*2) -> 0
B70: - ท่อ PVC C5 6 นิ้ว แบบบาน | C70: =(หลังริม!C70*2)+(หลังกลาง!C70*2) -> 20 | D70: เส้น | E70: 1090 | F70: =E70*C70 -> 21800 | G70: 0 | H70: =G70*C70 -> 0 | I70: =H70+F70 -> 21800
B71: - ท่อ PVC C5 4 นิ้ว | C71: =(หลังริม!C71*2)+(หลังกลาง!C71*2) -> 8 | D71: เส้น | E71: 510 | F71: =E71*C71 -> 4080 | G71: 0 | H71: =G71*C71 -> 0 | I71: =H71+F71 -> 4080
B72: - ท่อ PVC C5 2.5 นิ้ว | C72: =(หลังริม!C72*2)+(หลังกลาง!C72*2) -> 4 | D72: เส้น | E72: 234 | F72: =E72*C72 -> 936 | G72: 0 | H72: =G72*C72 -> 0 | I72: =H72+F72 -> 936
B73: - ท่อ PVC C5 2 นิ้ว | C73: =(หลังริม!C73*2)+(หลังกลาง!C73*2) -> 8 | D73: เส้น | E73: 144 | F73: =E73*C73 -> 1152 | G73: 0 | H73: =G73*C73 -> 0 | I73: =H73+F73 -> 1152
B74: - ท่อ PVC C5 1.5 นิ้ว | C74: =(หลังริม!C74*2)+(หลังกลาง!C74*2) -> 4 | D74: เส้น | E74: 53 | F74: =E74*C74 -> 212 | G74: 0 | H74: =G74*C74 -> 0 | I74: =H74+F74 -> 212
B75: - ท่อ PVC C5 1 นิ้ว | C75: =(หลังริม!C75*2)+(หลังกลาง!C75*2) -> 4 | D75: เส้น | E75: 48 | F75: =E75*C75 -> 192 | G75: 0 | H75: =G75*C75 -> 0 | I75: =H75+F75 -> 192
B76: - ท่อ PVC C13.5 3/4 | C76: =(หลังริม!C76*2)+(หลังกลาง!C76*2) -> 4 | D76: เส้น | E76: 64 | F76: =E76*C76 -> 256 | G76: 0 | H76: =G76*C76 -> 0 | I76: =H76+F76 -> 256
B77: - ข้องอ 90 4 นิ้ว แบบบาง | C77: =(หลังริม!C77*2)+(หลังกลาง!C77*2) -> 4 | D77: ตัว | E77: 84.6 | F77: =E77*C77 -> 338.4 | G77: 0 | H77: =G77*C77 -> 0 | I77: =H77+F77 -> 338.4
B78: - ข้องอ 45 4 นิ้ว แบบบาง | C78: =(หลังริม!C78*2)+(หลังกลาง!C78*2) -> 12 | D78: ตัว | E78: 84.6 | F78: =E78*C78 -> 1015.2 | G78: 0 | H78: =G78*C78 -> 0 | I78: =H78+F78 -> 1015.2
B79: - ข้องอ 90 2.5 นิ้ว แบบบาง | C79: =(หลังริม!C79*2)+(หลังกลาง!C79*2) -> 16 | D79: ตัว | E79: 22.8 | F79: =E79*C79 -> 364.8 | G79: 0 | H79: =G79*C79 -> 0 | I79: =H79+F79 -> 364.8
B80: - ข้อต่อสามทาง 2.5 นิ้ว แบบบาง | C80: =(หลังริม!C80*2)+(หลังกลาง!C80*2) -> 8 | D80: ตัว | E80: 31.3 | F80: =E80*C80 -> 250.4 | G80: 0 | H80: =G80*C80 -> 0 | I80: =H80+F80 -> 250.4
B81: - ข้องอ 90 2 นิ้ว แบบบาง | C81: =(หลังริม!C81*2)+(หลังกลาง!C81*2) -> 16 | D81: ตัว | E81: 13.9 | F81: =E81*C81 -> 222.4 | G81: 0 | H81: =G81*C81 -> 0 | I81: =H81+F81 -> 222.4
... B95: - ฝาบ่อพัก | C95: =(หลังริม!C95*2)+(หลังกลาง!C95*2) -> 8 | D95: ฝา | E95: 42 | F95: =E95*C95 -> 336 | G95: 0 | H95: =G95*C95 -> 0 | I95: =H95+F95 -> 336
B96: รวมงานข้อ 2.1 | C96: =(หลังริม!C96*2)+(หลังกลาง!C96*2) -> 0 | F96: =SUM(F70:F95) -> 54577.533 | H96: =SUM(H70:H95) -> 0 | I96: =SUM(I70:I95) -> 54577.533 | K96: =H96+F96 -> 54577.533
B97: 2.3 งานผนังจับเซี้ยมอุดรู เจีย | C97: =(หลังริม!C97*2)+(หลังกลาง!C97*2) -> 0
B98: - ปูนก่ออิฐมวลเบา | C98: =(หลังริม!C98*2)+(หลังกลาง!C98*2) -> 4 | D98: ลูก | E98: 109 | F98: =E98*C98 -> 436 | G98: 6000 | H98: =G98*C98 -> 24000 | I98: =H98+F98 -> 24436
B99: - ปูนฉาบอิฐมวลเบา M210 | C99: =(หลังริม!C99*2)+(หลังกลาง!C99*2) -> 13.333333 | D99: ลูก | E99: 75 | F99: =E99*C99 -> 1000 | G99: 0 | H99: =G99*C99 -> 0 | I99: =H99+F99 -> 1000
B100: รวมงานข้อ 2.3 | C100: =(หลังริม!C100*2)+(หลังกลาง!C100*2) -> 0 | F100: =SUM(F98:F99) -> 1436 | H100: =SUM(H98:H99) -> 24000 | I100: =SUM(I98:I99) -> 25436 | K100: =H100+F100 -> 25436
B101: 2.4 งานก่อรั้วหน้าบ้าน | C101: =(หลังริม!C101*2)+(หลังกลาง!C101*2) -> 0
B102: - ผนังก่ออิฐบล็อค | C102: =(หลังริม!C102*2)+(หลังกลาง!C102*2) -> 350 | D102: ก้อน | E102: 5.5 | F102: =E102*C102 -> 1925 | G102: 0 | H102: =G102*C102 -> 0 | I102: =H102+F102 -> 1925
B103: - หิน3/4 | C103: =(หลังริม!C103*2)+(หลังกลาง!C103*2) -> 1.3333333 | D103: คิว | E103: 500 | F103: =E103*C103 -> 666.66667 | G103: 0 | H103: =G103*C103 -> 0 | I103: =H103+F103 -> 666.66667
B104: - ทรายหยาบ | C104: =(หลังริม!C104*2)+(หลังกลาง!C104*2) -> 1.3333333 | D104: คิว | E104: 400 | F104: =E104*C104 -> 533.33333 | G104: 0 | H104: =G104*C104 -> 0 | I104: =H104+F104 -> 533.33333
B105: - ปูนเขียว TPI 197 | C105: =(หลังริม!C105*2)+(หลังกลาง!C105*2) -> 13.333333 | D105: ลูก | E105: 92 | F105: =E105*C105 -> 1226.6667 | G105: 0 | H105: =G105*C105 -> 0 | I105: =H105+F105 -> 1226.6667
B106: - ปูนฉาบสำเร็จ M209 | C106: =(หลังริม!C106*2)+(หลังกลาง!C106*2) -> 40 | D106: ลูก | E106: 61 | F106: =E106*C106 -> 2440 | G106: 0 | H106: =G106*C106 -> 0 | I106: =H106+F106 -> 2440
B107: - ปูนแดง TPI | C107: =(หลังริม!C107*2)+(หลังกลาง!C107*2) -> 6.6666667 | D107: เส้น | E107: 110 | F107: =E107*C107 -> 733.33333 | G107: 0 | H107: =G107*C107 -> 0 | I107: =H107+F107 -> 733.33333
B108: - เหล็กเส้นกลมผิวเรียบ SR 24 ขนาด Ø 6 มม. | C108: =(หลังริม!C108*2)+(หลังกลาง!C108*2) -> 6.6666667 | D108: เส้น | E108: 64 | F108: =E108*C108 -> 426.66667 | G108: 0 | H108: =G108*C108 -> 0 | I108: =H108+F108 -> 426.66667
B109: - เหล็กทับหลังสำเร็จ (50ม.) | C109: =(หลังริม!C109*2)+(หลังกลาง!C109*2) -> 0.66666667 | D109: ม้วน | E109: 0 | F109: =E109*C109 -> 0 | G109: 0 | H109: =G109*C109 -> 0 | I109: =H109+F109 -> 0
B110: - ค่าแรงงานก่อรั้วหน้าบ้าน | C110: =(หลังริม!C110*2)+(หลังกลาง!C110*2) -> 4 | D110: หลัง | E110: 0 | F110: =E110*C110 -> 0 | G110: 1012 | H110: =G110*C110 -> 4048 | I110: =H110+F110 -> 4048
B111: รวมงานข้อ 2.4 | C111: =(หลังริม!C111*2)+(หลังกลาง!C111*2) -> 0 | F111: =SUM(F102:F110) -> 7951.6667 | H111: =SUM(H102:H110) -> 4048 | I111: =SUM(I102:I110) -> 11999.667 | K111: =H111+F111 -> 11999.667
B112: 2.5 งานเทพื้นที่จอดรถหน้าบ้าน | C112: =(หลังริม!C112*2)+(หลังกลาง!C112*2) -> 0
B113: - เหล็กตะแกรงไวร์เมท 4 มม @0.20 | C113: =(หลังริม!C113*2)+(หลังกลาง!C113*2) -> 96 | D113: ตร.ม. | E113: 45 | F113: =E113*C113 -> 4320 | G113: 80 | H113: =G113*C113 -> 7680 | I113: =F113+H113 -> 12000
B114: - คอนกรีตผสมเสร็จ 280 กก./ตร.ซม. (ลูกบาศก์) | C114: =(หลังริม!C114*2)+(หลังกลาง!C114*2) -> 11.333333 | D114: ลบ.ม. | E114: 1500 | F114: =E114*C114 -> 17000 | G114: 0 | H114: =G114*C114 -> 0 | I114: =F114+H114 -> 17000
B115: รวมงานข้อ 2.5 | C115: =(หลังริม!C115*2)+(หลังกลาง!C115*2) -> 0 | F115: =SUM(F113:F114) -> 21320 | H115: =SUM(H113:H114) -> 7680 | I115: =SUM(I113:I114) -> 29000 | K115: =H115+F115 -> 29000
B116: 2.6 งานเทผนังหลังบ้าน | C116: =(หลังริม!C116*2)+(หลังกลาง!C116*2) -> 0
B117: - เหล็กเส้นกลมผิวเรียบ SR 24 ขนาด Ø 9 มม. | C117: =(หลังริม!C117*2)+(หลังกลาง!C117*2) -> 0.033333333 | D117: ตัน | E117: 137 | F117: =C117*1000/4.99*E117 -> 915.16366 | G117: 0 | H117: =G117*C117 -> 0 | I117: =H117+F117 -> 915.16366
B118: - เหล็กเส้นกลมผิวข้ออ้อย SD 40 ขนาด Ø 12 มม. | C118: =(หลังริม!C118*2)+(หลังกลาง!C118*2) -> 0.026666667 | D118: ตัน | E118: 240 | F118: =C118*1000/8.88*E118 -> 720.72072 | G118: 0 | H118: =G118*C118 -> 0 | I118: =H118+F118 -> 720.72072
B119: - คอนกรีตผสมเสร็จ 280 กก./ตร.ซม. (ปั้ม) | C119: =(หลังริม!C119*2)+(หลังกลาง!C119*2) -> 8.6666667 | D119: ลบ.ม. | E119: 1600 | F119: =E119*C119 -> 13866.667 | G119: 0 | H119: =G119*C119 -> 0 | I119: =H119+F119 -> 13866.667
B120: - เหล็กตะแกรง WIRE MESH Ø 6 มม. @ 0.20 ม. | C120: =(หลังริม!C120*2)+(หลังกลาง!C120*2) -> 86.666667 | D120: ตร.ม. | E120: 74.2 | F120: =E120*C120 -> 6430.6667 | G120: 0 | H120: =G120*C120 -> 0 | I120: =H120+F120 -> 6430.6667
B121: - ค่าแรงงานเทผนังหลังบ้าน | C121: =(หลังริม!C121*2)+(หลังกลาง!C121*2) -> 4 | D121: หลัง | E121: 0 | F121: =E121*C121 -> 0 | G121: 2500 | H121: =G121*C121 -> 10000 | I121: =H121+F121 -> 10000
...

Sheet บ้านแถว 6 หลัง
A1: BOQ สรุปรายการปริมาณงานและราคา บ้านแถว 6 หลัง
A4: ลำดับที่ | B4: รายการ | C4: จำนวน | D4: หน่วย | E4: ค่าวัสดุ | G4: ค่าแรงงาน | I4: รวมค่าวัสดุและ | J4: หมายเหตุ
E5: ราคาต่อหน่วย | F5: จำนวนเงิน (บาท) | G5: ราคาต่อหน่วย | H5: จำนวนเงิน (บาท) | I5: ค่าแรงงาน (บาท)
A6: 1 | B6: งานโครงสร้างวิศวกรรม
B7: 1.1 งานดิน หิน ทราย และฐานราก
B8: - ขุดดินฐานรากและถมคืน (งานแบ็คโคร) | C8: =(หลังริม!C8*2)+(หลังกลาง!C8*4) -> 10 | D8: วัน | E8: 3500 | F8: =E8*C8 -> 35000 | G8: 0 | H8: =G8*E8 -> 0 | I8: =H8+F8 -> 35000
B9: - คอนกรีตผสมเสร็จ 280 กก./ตร.ซม. (ลูกบาศก์) | C9: =(หลังริม!C9*2)+(หลังกลาง!C9*4) -> 5.5 | D9: ลบ.ม. | E9: 1500 | F9: =E9*C9 -> 8250 | G9: 1 | H9: =G9*E9 -> 1500 | I9: =H9+F9 -> 9750
B10: - คอนกรีตหยาบรองก้นฐานราก 1:3:5 | C10: =(หลังริม!C10*2)+(หลังกลาง!C10*4) -> 0 | D10: ลบ.ม. | E10: 0 | F10: =E10*C10 -> 0 | G10: 2 | H10: =G10*E10 -> 0 | I10: =H10+F10 -> 0
B11: - ทรายถมปรับระดับ | C11: =(หลังริม!C11*2)+(หลังกลาง!C11*4) -> 40 | D11: ลบ.ม. | E11: 100 | F11: =E11*C11 -> 4000 | G11: 3 | H11: =G11*E11 -> 300 | I11: =H11+F11 -> 4300
B12: รวมงานข้อ 1.1 | C12: =(หลังริม!C12*2)+(หลังกลาง!C12*4) -> 0 | F12: =SUM(F8:F11) -> 47250 | H12: =SUM(H8:H11) -> 1800 | I12: =SUM(I8:I11) -> 49050 | K12: =H12+F12 -> 49050
B13: 1.2 งานตอกเสาเข็ม | C13: =(หลังริม!C13*2)+(หลังกลาง!C13*4) -> 0
B14: - เสาเข็ม ไอตัน ขนาด 0.18 x 0.18 x 16 ม. | C14: =(หลังริม!C14*2)+(หลังกลาง!C14*4) -> 53 | D14: ต้น | E14: 2080 | F14: =E14*C14 -> 110240 | G14: 750 | H14: =G14*C14 -> 39750 | I14: =H14+F14 -> 149990
B15: - ค่าสกัดหัวเสาเข็ม | C15: =(หลังริม!C15*2)+(หลังกลาง!C15*4) -> 0 | D15: ต้น | E15: 0 | F15: =E15*C15 -> 0 | G15: 0 | H15: =G15*C15 -> 0 | I15: =H15+F15 -> 0
B16: รวมงานข้อ 1.2 | C16: =(หลังริม!C16*2)+(หลังกลาง!C16*4) -> 0 | F16: =SUM(F14:F15) -> 110240 | H16: =SUM(H14:H15) -> 39750 | I16: =SUM(I14:I15) -> 149990 | K16: =H16+F16 -> 149990
B17: 1.3 งานแบบหล่อคอนกรีต | C17: =(หลังริม!C17*2)+(หลังกลาง!C17*4) -> 0
B18: - ไม้แบบทั่วไป | C18: =(หลังริม!C18*2)+(หลังกลาง!C18*4) -> 20 | D18: แผ่น | E18: 590 | F18: =E18*C18 -> 11800 | G18: 0 | H18: =G18*E18 -> 0 | I18: =H18+F18 -> 11800
B19: - ไม้คร่าว | C19: =(หลังริม!C19*2)+(หลังกลาง!C19*4) -> 0 | D19: ลบ.ฟ. | E19: 0 | F19: =E19*C19 -> 0 | G19: 0 | H19: =G19*E19 -> 0 | I19: =H19+F19 -> 0
B20: - ไม้ค้ำยัน | C20: =(หลังริม!C20*2)+(หลังกลาง!C20*4) -> 200 | D20: ต้น | E20: 25 | F20: =E20*C20 -> 5000 | G20: 0 | H20: =G20*E20 -> 0 | I20: =H20+F20 -> 5000
B21: - ตะปูขนาดต่างๆ | C21: =(หลังริม!C21*2)+(หลังกลาง!C21*4) -> 0 | D21: กก. | E21: 0 | F21: =E21*C21 -> 0 | G21: 0 | H21: =G21*E21 -> 0 | I21: =H21+F21 -> 0
B22: - ค่าแรงงานไม้แบบ | C22: =(หลังริม!C22*2)+(หลังกลาง!C22*4) -> 0 | D22: ตร.ม. | E22: 0 | F22: =E22*C22 -> 0 | G22: 0 | H22: =G22*E22 -> 0 | I22: =H22+F22 -> 0
B23: รวมงานข้อ 1.3 | C23: =(หลังริม!C23*2)+(หลังกลาง!C23*4) -> 0 | F23: =SUM(F18:F22) -> 16800 | H23: =SUM(H18:H22) -> 0 | I23: =SUM(I18:I22) -> 16800 | K23: =H23+F23 -> 16800
B24: 1.4 งานคอนกรีตโครงสร้าง | C24: =(หลังริม!C24*2)+(หลังกลาง!C24*4) -> 0
B25: - คอนกรีตหยาบ( lean) | C25: =(หลังริม!C25*2)+(หลังกลาง!C25*4) -> 15 | D25: ลบ.ม. | E25: 1300 | F25: =E25*C25 -> 19500 | G25: 0 | H25: =G25*C25 -> 0 | I25: =H25+F25 -> 19500
B26: - คอนกรีตผสมเสร็จ 280 กก./ตร.ซม. (ลูกบาศก์) | C26: =(หลังริม!C26*2)+(หลังกลาง!C26*4) -> 55 | D26: ลบ.ม. | E26: 1500 | F26: =E26*C26 -> 82500 | G26: 0 | H26: =G26*C26 -> 0 | I26: =H26+F26 -> 82500
B27: - คอนกรีตผสมเสร็จ 320 กก./ตร.ซม. (ลูกบาศก์) | C27: =(หลังริม!C27*2)+(หลังกลาง!C27*4) -> 0 | D27: ลบ.ม. | E27: 1600 | F27: =E27*C27 -> 0 | G27: 0 | H27: =G27*C27 -> 0 | I27: =H27+F27 -> 0
B28: - เหล็กตะแกรง WIRE MESH Ø 6 มม. @ 0.20 ม. (ข้ออ้อย) | C28: =(หลังริม!C28*2)+(หลังกลาง!C28*4) -> 600 | D28: ตร.ม. | E28: 74.2 | F28: =E28*C28 -> 44520 | G28: 0 | H28: =G28*C28 -> 0 | I28: =H28+F28 -> 44520
B29: - ค่าแรงงานโครงสร้าง | C29: =(หลังริม!C29*2)+(หลังกลาง!C29*4) -> 600 | D29: ตร.ม. | E29: 0 | F29: =E29*C29 -> 0 | G29: 173.47 | H29: =G29*C29 -> 104082 | I29: =H29+F29 -> 104082
B30: รวมงานข้อ 1.4 | C30: =(หลังริม!C30*2)+(หลังกลาง!C30*4) -> 0 | F30: =SUM(F25:F29) -> 146520 | H30: =SUM(H25:H29) -> 104082 | I30: =SUM(I25:I29) -> 250602 | K30: =H30+F30 -> 250602
B31: 1.5 งานเหล็กเสริมคอนกรีต | C31: =(หลังริม!C31*2)+(หลังกลาง!C31*4) -> 0
B32: - เหล็กเส้นกลมผิวเรียบ SR 24 ขนาด Ø 6 มม. | C32: =(หลังริม!C32*2)+(หลังกลาง!C32*4) -> 0.111 | D32: ตัน | E32: 64 | F32: =C32*1000/2.22*E32 -> 3200 | G32: 0 | H32: =G32*C32 -> 0 | I32: =H32+F32 -> 3200
B33: - เหล็กเส้นกลมผิวเรียบ SR 24 ขนาด Ø 9 มม. | C33: =(หลังริม!C33*2)+(หลังกลาง!C33*4) -> 0.32435 | D33: ตัน | E33: 137 | F33: =C33*1000/4.99*E33 -> 8905 | G33: 0 | H33: =G33*C33 -> 0 | I33: =H33+F33 -> 8905
B34: - เหล็กเส้นกลมผิวข้ออ้อย SD 40 ขนาด Ø 12 มม. | C34: =(หลังริม!C34*2)+(หลังกลาง!C34*4) -> 1.9092 | D34: ตัน | E34: 240 | F34: =C34*1000/8.88*E34 -> 51600 | G34: 0 | H34: =G34*C34 -> 0 | I34: =H34+F34 -> 51600
B35: - เหล็กเส้นกลมผิวข้ออ้อย SD 40 ขนาด Ø 16 มม. | C35: =(หลังริม!C35*2)+(หลังกลาง!C35*4) -> 0 | D35: ตัน | E35: 425 | F35: =C35*1000/15.78*E35 -> 0 | G35: 0 | H35: =G35*C35 -> 0 | I35: =H35+F35 -> 0
B36: - ลวดผูกเหล็ก Ø 1.25 มม. (เบอร์ 18) | C36: =(หลังริม!C36*2)+(หลังกลาง!C36*4) -> 0 | D36: กก. | E36: 0 | F36: =E36*C36 -> 0 | G36: 0 | H36: =G36*C36 -> 0 | I36: =H36+F36 -> 0
B37: รวมงานข้อ 1.5 | C37: =(หลังริม!C37*2)+(หลังกลาง!C37*4) -> 0 | F37: =SUM(F32:F36) -> 63705 | H37: =SUM(H32:H36) -> 0 | I37: =SUM(I32:I36) -> 63705 | K37: =H37+F37 -> 63705
B38: 1.6 งานผนังสำเร็จ (แบบหล่อพร้อมจับเซี้ยม) | C38: =(หลังริม!C38*2)+(หลังกลาง!C38*4) -> 0
B39: - เหล็กเส้นกลมผิวเรียบ SR 24 ขนาด Ø 9 มม. | C39: =(หลังริม!C39*2)+(หลังกลาง!C39*4) -> 0.299 | D39: ตัน | E39: 137 | F39: =C39*1000/4.99*E39 -> 8209.018 | G39: 0 | H39: =G39*C39 -> 0 | I39: =H39+F39 -> 8209.018
B40: - เหล็กเส้นกลมผิวข้ออ้อย SD 40 ขนาด Ø 12 มม. | C40: =(หลังริม!C40*2)+(หลังกลาง!C40*4) -> 0.53 | D40: ตัน | E40: 240 | F40: =C40*1000/8.88*E40 -> 14324.324 | G40: 0 | H40: =G40*C40 -> 0 | I40: =H40+F40 -> 14324.324
B41: - คอนกรีตผสมเสร็จ 280 กก./ตร.ซม. (ปั้ม) | C41: =(หลังริม!C41*2)+(หลังกลาง!C41*4) -> 59 | D41: ลบ.ม. | E41: 1600 | F41: =E41*C41 -> 94400 | G41: 0 | H41: =G41*C41 -> 0 | I41: =H41+F41 -> 94400
B42: - เหล็กตะแกรง WIRE MESH Ø 6 มม. @ 0.20 ม. | C42: =(หลังริม!C42*2)+(หลังกลาง!C42*4) -> 600 | D42: ตร.ม. | E42: 74.2 | F42: =E42*C42 -> 44520 | G42: 0 | H42: =G42*C42 -> 0 | I42: =H42+F42 -> 44520
B43: - ค่าแรงงานผนังสำเร็จ | C43: =(หลังริม!C43*2)+(หลังกลาง!C43*4) -> 600 | D43: ตร.ม. | E43: 0 | F43: 0 | G43: 115 | H43: =G43*C43 -> 69000 | I43: =H43+F43 -> 69000
B44: รวมงานข้อ 1.6 | C44: =(หลังริม!C44*2)+(หลังกลาง!C44*4) -> 0 | F44: =SUM(F39:F43) -> 161453.34 | H44: =SUM(H39:H43) -> 69000 | I44: =SUM(I39:I43) -> 230453.34 | K44: =H44+F44 -> 230453.34
B45: 1.7 งานโครงหลังคาเหล็ก | C45: =(หลังริม!C45*2)+(หลังกลาง!C45*4) -> 0
B46: - เหล็กกล่อง 1''*1''*1.8 มม. | C46: =(หลังริม!C46*2)+(หลังกลาง!C46*4) -> 12 | D46: เส้น | E46: 225 | F46: =E46*C46 -> 2700 | G46: 0 | H46: =G46*C46 -> 0 | I46: =H46+F46 -> 2700
B47: - เหล็กกล่อง 2''*2''*1.8มม. | C47: =(หลังริม!C47*2)+(หลังกลาง!C47*4) -> 73 | D47: เส้น | E47: 500 | F47: =E47*C47 -> 36500 | G47: 0 | H47: =G47*C47 -> 0 | I47: =H47+F47 -> 36500
B48: - เหล็กตัวซี C 100 x 50 x 2.0 มม. | C48: =(หลังริม!C48*2)+(หลังกลาง!C48*4) -> 46 | D48: เส้น | E48: 650 | F48: =E48*C48 -> 29900 | G48: 0 | H48: =G48*C48 -> 0 | I48: =H48+F48 -> 29900
B49: - เหล็กตัวซี C 100 x 50 x 2.3 มม. | C49: =(หลังริม!C49*2)+(หลังกลาง!C49*4) -> 28 | D49: เส้น | E49: 740 | F49: =E49*C49 -> 20720 | G49: 0 | H49: =G49*C49 -> 0 | I49: =H49+F49 -> 20720
B50: - เหล็กกล่อง 100*100*3.2 มม. | C50: =(หลังริม!C50*2)+(หลังกลาง!C50*4) -> 2 | D50: เส้น | E50: 1900 | F50: =E50*C50 -> 3800 | G50: 0 | H50: =G50*C50 -> 0 | I50: =H50+F50 -> 3800
B51: - เหล็กแฟตบาร์ 4" * 6.00 หนา 6.00 มม. | C51: =(หลังริม!C51*2)+(หลังกลาง!C51*4) -> 1 | D51: เส้น | E51: 905 | F51: =E51*C51 -> 905 | G51: 0 | H51: =G51*C51 -> 0 | I51: =H51+F51 -> 905
B52: - เหล็กกล่อง 100*50*2.3 มม. | C52: =(หลังริม!C52*2)+(หลังกลาง!C52*4) -> 8 | D52: เส้น | E52: 1040 | F52: =E52*C52 -> 8320 | G52: 0 | H52: =G52*C52 -> 0 | I52: =H52+F52 -> 8320
B53: - เหล็กแผ่น 8' x 8' x 6 มม. | C53: =(หลังริม!C53*2)+(หลังกลาง!C53*4) -> 6 | D53: แผ่น | E53: 109 | F53: =E53*C53 -> 654 | G53: 0 | H53: =G53*C53 -> 0 | I53: =H53+F53 -> 654
B54: - เหล็กแผ่น 6' x 6' x 6 มม. | C54: =(หลังริม!C54*2)+(หลังกลาง!C54*4) -> 14 | D54: แผ่น | E54: 53 | F54: =E54*C54 -> 742 | G54: 0 | H54: =G54*C54 -> 0 | I54: =H54+F54 -> 742
B55: - เหล็กแฟตบาร์ 3" * 6.00 หนา 6.00 มม. | C55: =(หลังริม!C55*2)+(หลังกลาง!C55*4) -> 1 | D55: แผ่น | E55: 670 | F55: =E55*C55 -> 670 | G55: 0 | H55: =G55*C55 -> 0 | I55: =H55+F55 -> 670
B56: - ลวดเชื่อม KOBE 2.6 มม. | C56: =(หลังริม!C56*2)+(หลังกลาง!C56*4) -> 1 | D56: ลัง | E56: 1500 | F56: =E56*C56 -> 1500 | G56: 0 | H56: =G56*C56 -> 0 | I56: =H56+F56 -> 1500
B57: - ทาสีกันสนิมโครงเหล็กหลังคา KOBE สีเทา | C57: =(หลังริม!C57*2)+(หลังกลาง!C57*4) -> 6 | D57: ถัง | E57: 1189 | F57: =E57*C57 -> 7134 | G57: 0 | H57: =G57*C57 -> 0 | I57: =H57+F57 -> 7134
... B64: - งานติดตั้งซีซาแนลมุกหน้าบ้าน | C64: =(หลังริม!C64*2)+(หลังกลาง!C64*4) -> 24 | D64: เมตร | E64: 0 | F64: =E64*C64 -> 0 | G64: 80 | H64: =G64*C64 -> 1920 | I64: =H64+F64 -> 1920
B65: รวมงานข้อ 1.7 | C65: =(หลังริม!C65*2)+(หลังกลาง!C65*4) -> 0 | F65: =SUM(F46:F64) -> 119515 | H65: =SUM(H46:H64) -> 71488.05 | I65: =SUM(I46:I64) -> 191003.05 | K65: =H65+F65 -> 191003.05
A66: 1 | B66: รวมค่างานโครงสร้างวิศวกรรมทั้งหมด | C66: =(หลังริม!C66*2)+(หลังกลาง!C66*4) -> 0 | D66: รวม | F66: =F12+F16+F23+F30+F37+F44+F65 -> 665483.34 | H66: =H12+H16+H23+H30+H37+H44+H65 -> 286120.05 | I66: =I12+I16+I23+I30+I37+I44+I65 -> 951603.39 | K66: =H66+F66 -> 951603.39
C67: =(หลังริม!C67*2)+(หลังกลาง!C67*4) -> 0
A68: 2 | B68: งานสถาปัตยกรรม | C68: =(หลังริม!C68*2)+(หลังกลาง!C68*4) -> 0
B69: 2.1 งานประปาโครงสร้าง | C69: =(หลังริม!C69*2)+(หลังกลาง!C69*4) -> 0
B70: - ท่อ PVC C5 6 นิ้ว แบบบาน | C70: =(หลังริม!C70*2)+(หลังกลาง!C70*4) -> 30 | D70: เส้น | E70: 1090 | F70: =E70*C70 -> 32700 | G70: 0 | H70: =G70*C70 -> 0 | I70: =H70+F70 -> 32700
B71: - ท่อ PVC C5 4 นิ้ว | C71: =(หลังริม!C71*2)+(หลังกลาง!C71*4) -> 12 | D71: เส้น | E71: 510 | F71: =E71*C71 -> 6120 | G71: 0 | H71: =G71*C71 -> 0 | I71: =H71+F71 -> 6120
B72: - ท่อ PVC C5 2.5 นิ้ว | C72: =(หลังริม!C72*2)+(หลังกลาง!C72*4) -> 6 | D72: เส้น | E72: 234 | F72: =E72*C72 -> 1404 | G72: 0 | H72: =G72*C72 -> 0 | I72: =H72+F72 -> 1404
B73: - ท่อ PVC C5 2 นิ้ว | C73: =(หลังริม!C73*2)+(หลังกลาง!C73*4) -> 12 | D73: เส้น | E73: 144 | F73: =E73*C73 -> 1728 | G73: 0 | H73: =G73*C73 -> 0 | I73: =H73+F73 -> 1728
B74: - ท่อ PVC C5 1.5 นิ้ว | C74: =(หลังริม!C74*2)+(หลังกลาง!C74*4) -> 6 | D74: เส้น | E74: 53 | F74: =E74*C74 -> 318 | G74: 0 | H74: =G74*C74 -> 0 | I74: =H74+F74 -> 318
B75: - ท่อ PVC C5 1 นิ้ว | C75: =(หลังริม!C75*2)+(หลังกลาง!C75*4) -> 6 | D75: เส้น | E75: 48 | F75: =E75*C75 -> 288 | G75: 0 | H75: =G75*C75 -> 0 | I75: =H75+F75 -> 288
B76: - ท่อ PVC C13.5 3/4 | C76: =(หลังริม!C76*2)+(หลังกลาง!C76*4) -> 6 | D76: เส้น | E76: 64 | F76: =E76*C76 -> 384 | G76: 0 | H76: =G76*C76 -> 0 | I76: =H76+F76 -> 384
B77: - ข้องอ 90 4 นิ้ว แบบบาง | C77: =(หลังริม!C77*2)+(หลังกลาง!C77*4) -> 6 | D77: ตัว | E77: 84.6 | F77: =E77*C77 -> 507.6 | G77: 0 | H77: =G77*C77 -> 0 | I77: =H77+F77 -> 507.6
B78: - ข้องอ 45 4 นิ้ว แบบบาง | C78: =(หลังริม!C78*2)+(หลังกลาง!C78*4) -> 18 | D78: ตัว | E78: 84.6 | F78: =E78*C78 -> 1522.8 | G78: 0 | H78: =G78*C78 -> 0 | I78: =H78+F78 -> 1522.8
B79: - ข้องอ 90 2.5 นิ้ว แบบบาง | C79: =(หลังริม!C79*2)+(หลังกลาง!C79*4) -> 24 | D79: ตัว | E79: 22.8 | F79: =E79*C79 -> 547.2 | G79: 0 | H79: =G79*C79 -> 0 | I79: =H79+F79 -> 547.2
B80: - ข้อต่อสามทาง 2.5 นิ้ว แบบบาง | C80: =(หลังริม!C80*2)+(หลังกลาง!C80*4) -> 12 | D80: ตัว | E80: 31.3 | F80: =E80*C80 -> 375.6 | G80: 0 | H80: =G80*C80 -> 0 | I80: =H80+F80 -> 375.6
B81: - ข้องอ 90 2 นิ้ว แบบบาง | C81: =(หลังริม!C81*2)+(หลังกลาง!C81*4) -> 24 | D81: ตัว | E81: 13.9 | F81: =E81*C81 -> 333.6 | G81: 0 | H81: =G81*C81 -> 0 | I81: =H81+F81 -> 333.6
... B95: - ฝาบ่อพัก | C95: =(หลังริม!C95*2)+(หลังกลาง!C95*4) -> 12 | D95: ฝา | E95: 42 | F95: =E95*C95 -> 504 | G95: 0 | H95: =G95*C95 -> 0 | I95: =H95+F95 -> 504
B96: รวมงานข้อ 2.1 | C96: =(หลังริม!C96*2)+(หลังกลาง!C96*4) -> 0 | F96: =SUM(F70:F95) -> 81866.3 | H96: =SUM(H70:H95) -> 0 | I96: =SUM(I70:I95) -> 81866.3 | K96: =H96+F96 -> 81866.3
B97: 2.3 งานผนังจับเซี้ยมอุดรู เจีย | C97: =(หลังริม!C97*2)+(หลังกลาง!C97*4) -> 0
B98: - ปูนก่ออิฐมวลเบา | C98: =(หลังริม!C98*2)+(หลังกลาง!C98*4) -> 6 | D98: ลูก | E98: 109 | F98: =E98*C98 -> 654 | G98: 6000 | H98: =G98*C98 -> 36000 | I98: =H98+F98 -> 36654
B99: - ปูนฉาบอิฐมวลเบา M210 | C99: =(หลังริม!C99*2)+(หลังกลาง!C99*4) -> 20 | D99: ลูก | E99: 75 | F99: =E99*C99 -> 1500 | G99: 0 | H99: =G99*C99 -> 0 | I99: =H99+F99 -> 1500
B100: รวมงานข้อ 2.3 | C100: =(หลังริม!C100*2)+(หลังกลาง!C100*4) -> 0 | F100: =SUM(F98:F99) -> 2154 | H100: =SUM(H98:H99) -> 36000 | I100: =SUM(I98:I99) -> 38154 | K100: =H100+F100 -> 38154
B101: 2.4 งานก่อรั้วหน้าบ้าน | C101: =(หลังริม!C101*2)+(หลังกลาง!C101*4) -> 0
B102: - ผนังก่ออิฐบล็อค | C102: =(หลังริม!C102*2)+(หลังกลาง!C102*4) -> 525 | D102: ก้อน | E102: 5.5 | F102: =E102*C102 -> 2887.5 | G102: 0 | H102: =G102*C102 -> 0 | I102: =H102+F102 -> 2887.5
B103: - หิน3/4 | C103: =(หลังริม!C103*2)+(หลังกลาง!C103*4) -> 2 | D103: คิว | E103: 500 | F103: =E103*C103 -> 1000 | G103: 0 | H103: =G103*C103 -> 0 | I103: =H103+F103 -> 1000
B104: - ทรายหยาบ | C104: =(หลังริม!C104*2)+(หลังกลาง!C104*4) -> 2 | D104: คิว | E104: 400 | F104: =E104*C104 -> 800 | G104: 0 | H104: =G104*C104 -> 0 | I104: =H104+F104 -> 800
B105: - ปูนเขียว TPI 197 | C105: =(หลังริม!C105*2)+(หลังกลาง!C105*4) -> 20 | D105: ลูก | E105: 92 | F105: =E105*C105 -> 1840 | G105: 0 | H105: =G105*C105 -> 0 | I105: =H105+F105 -> 1840
B106: - ปูนฉาบสำเร็จ M209 | C106: =(หลังริม!C106*2)+(หลังกลาง!C106*4) -> 60 | D106: ลูก | E106: 61 | F106: =E106*C106 -> 3660 | G106: 0 | H106: =G106*C106 -> 0 | I106: =H106+F106 -> 3660
B107: - ปูนแดง TPI | C107: =(หลังริม!C107*2)+(หลังกลาง!C107*4) -> 10 | D107: เส้น | E107: 110 | F107: =E107*C107 -> 1100 | G107: 0 | H107: =G107*C107 -> 0 | I107: =H107+F107 -> 1100
B108: - เหล็กเส้นกลมผิวเรียบ SR 24 ขนาด Ø 6 มม. | C108: =(หลังริม!C108*2)+(หลังกลาง!C108*4) -> 10 | D108: เส้น | E108: 64 | F108: =E108*C108 -> 640 | G108: 0 | H108: =G108*C108 -> 0 | I108: =H108+F108 -> 640
B109: - เหล็กทับหลังสำเร็จ (50ม.) | C109: =(หลังริม!C109*2)+(หลังกลาง!C109*4) -> 1 | D109: ม้วน | E109: 0 | F109: =E109*C109 -> 0 | G109: 0 | H109: =G109*C109 -> 0 | I109: =H109+F109 -> 0
B110: - ค่าแรงงานก่อรั้วหน้าบ้าน | C110: =(หลังริม!C110*2)+(หลังกลาง!C110*4) -> 6 | D110: หลัง | E110: 0 | F110: =E110*C110 -> 0 | G110: 1012 | H110: =G110*C110 -> 6072 | I110: =H110+F110 -> 6072
B111: รวมงานข้อ 2.4 | C111: =(หลังริม!C111*2)+(หลังกลาง!C111*4) -> 0 | F111: =SUM(F102:F110) -> 11927.5 | H111: =SUM(H102:H110) -> 6072 | I111: =SUM(I102:I110) -> 17999.5 | K111: =H111+F111 -> 17999.5
B112: 2.5 งานเทพื้นที่จอดรถหน้าบ้าน | C112: =(หลังริม!C112*2)+(หลังกลาง!C112*4) -> 0
B113: - เหล็กตะแกรงไวร์เมท 4 มม @0.20 | C113: =(หลังริม!C113*2)+(หลังกลาง!C113*4) -> 144 | D113: ตร.ม. | E113: 45 | F113: =E113*C113 -> 6480 | G113: 80 | H113: =G113*C113 -> 11520 | I113: =F113+H113 -> 18000
B114: - คอนกรีตผสมเสร็จ 280 กก./ตร.ซม. (ลูกบาศก์) | C114: =(หลังริม!C114*2)+(หลังกลาง!C114*4) -> 17 | D114: ลบ.ม. | E114: 1500 | F114: =E114*C114 -> 25500 | G114: 0 | H114: =G114*C114 -> 0 | I114: =F114+H114 -> 25500
B115: รวมงานข้อ 2.5 | C115: =(หลังริม!C115*2)+(หลังกลาง!C115*4) -> 0 | F115: =SUM(F113:F114) -> 31980 | H115: =SUM(H113:H114) -> 11520 | I115: =SUM(I113:I114) -> 43500 | K115: =H115+F115 -> 43500
B116: 2.6 งานเทผนังหลังบ้าน | C116: =(หลังริม!C116*2)+(หลังกลาง!C116*4) -> 0
B117: - เหล็กเส้นกลมผิวเรียบ SR 24 ขนาด Ø 9 มม. | C117: =(หลังริม!C117*2)+(หลังกลาง!C117*4) -> 0.05 | D117: ตัน | E117: 137 | F117: =C117*1000/4.99*E117 -> 1372.7455 | G117: 0 | H117: =G117*C117 -> 0 | I117: =H117+F117 -> 1372.7455
B118: - เหล็กเส้นกลมผิวข้ออ้อย SD 40 ขนาด Ø 12 มม. | C118: =(หลังริม!C118*2)+(หลังกลาง!C118*4) -> 0.04 | D118: ตัน | E118: 240 | F118: =C118*1000/8.88*E118 -> 1081.0811 | G118: 0 | H118: =G118*C118 -> 0 | I118: =H118+F118 -> 1081.0811
B119: - คอนกรีตผสมเสร็จ 280 กก./ตร.ซม. (ปั้ม) | C119: =(หลังริม!C119*2)+(หลังกลาง!C119*4) -> 13 | D119: ลบ.ม. | E119: 1600 | F119: =E119*C119 -> 20800 | G119: 0 | H119: =G119*C119 -> 0 | I119: =H119+F119 -> 20800
B120: - เหล็กตะแกรง WIRE MESH Ø 6 มม. @ 0.20 ม. | C120: =(หลังริม!C120*2)+(หลังกลาง!C120*4) -> 130 | D120: ตร.ม. | E120: 74.2 | F120: =E120*C120 -> 9646 | G120: 0 | H120: =G120*C120 -> 0 | I120: =H120+F120 -> 9646
B121: - ค่าแรงงานเทผนังหลังบ้าน | C121: =(หลังริม!C121*2)+(หลังกลาง!C121*4) -> 6 | D121: หลัง | E121: 0 | F121: =E121*C121 -> 0 | G121: 2500 | H121: =G121*C121 -> 15000 | I121: =H121+F121 -> 15000
...

Sheet บ้านแถว 8 หลังPL
A1: BOQ สรุปรายการปริมาณงานและราคา บ้านแถว 6 หลัง
A4: ลำดับที่ | B4: รายการ | C4: จำนวน | D4: หน่วย | E4: ค่าวัสดุ | G4: ค่าแรงงาน | I4: รวมค่าวัสดุและ | J4: หมายเหตุ
E5: ราคาต่อหน่วย | F5: จำนวนเงิน (บาท) | G5: ราคาต่อหน่วย | H5: จำนวนเงิน (บาท) | I5: ค่าแรงงาน (บาท)
A6: 1 | B6: งานโครงสร้างวิศวกรรม
B7: 1.1 งานดิน หิน ทราย และฐานราก
B8: - ขุดดินฐานรากและถมคืน (งานแบ็คโคร) | C8: =(หลังริม!C8*2)+(หลังกลาง!C8*6) -> 13.333333 | D8: วัน | E8: 3500 | F8: =E8*C8 -> 46666.667 | G8: 0 | H8: =G8*E8 -> 0 | I8: =H8+F8 -> 46666.667
B9: - คอนกรีตผสมเสร็จ 280 กก./ตร.ซม. (ลูกบาศก์) | C9: =(หลังริม!C9*2)+(หลังกลาง!C9*6) -> 7.3333333 | D9: ลบ.ม. | E9: 1500 | F9: =E9*C9 -> 11000 | G9: 1 | H9: =G9*E9 -> 1500 | I9: =H9+F9 -> 12500
B10: - คอนกรีตหยาบรองก้นฐานราก 1:3:5 | C10: =(หลังริม!C10*2)+(หลังกลาง!C10*6) -> 0 | D10: ลบ.ม. | E10: 0 | F10: =E10*C10 -> 0 | G10: 2 | H10: =G10*E10 -> 0 | I10: =H10+F10 -> 0
B11: - ทรายถมปรับระดับ | C11: =(หลังริม!C11*2)+(หลังกลาง!C11*6) -> 53.333333 | D11: ลบ.ม. | E11: 100 | F11: =E11*C11 -> 5333.3333 | G11: 3 | H11: =G11*E11 -> 300 | I11: =H11+F11 -> 5633.3333
B12: รวมงานข้อ 1.1 | C12: =(หลังริม!C12*2)+(หลังกลาง!C12*6) -> 0 | F12: =SUM(F8:F11) -> 63000 | H12: =SUM(H8:H11) -> 1800 | I12: =SUM(I8:I11) -> 64800 | K12: =H12+F12 -> 64800
B13: 1.2 งานตอกเสาเข็ม | C13: =(หลังริม!C13*2)+(หลังกลาง!C13*6) -> 0
B14: - เสาเข็ม ไอตัน ขนาด 0.18 x 0.18 x 16 ม. | C14: =(หลังริม!C14*2)+(หลังกลาง!C14*6) -> 70.666667 | D14: ต้น | E14: 2080 | F14: =E14*C14 -> 146986.67 | G14: 750 | H14: =G14*C14 -> 53000 | I14: =H14+F14 -> 199986.67
B15: - ค่าสกัดหัวเสาเข็ม | C15: =(หลังริม!C15*2)+(หลังกลาง!C15*6) -> 0 | D15: ต้น | E15: 0 | F15: =E15*C15 -> 0 | G15: 0 | H15: =G15*C15 -> 0 | I15: =H15+F15 -> 0
B16: รวมงานข้อ 1.2 | C16: =(หลังริม!C16*2)+(หลังกลาง!C16*6) -> 0 | F16: =SUM(F14:F15) -> 146986.67 | H16: =SUM(H14:H15) -> 53000 | I16: =SUM(I14:I15) -> 199986.67 | K16: =H16+F16 -> 199986.67
B17: 1.3 งานแบบหล่อคอนกรีต | C17: =(หลังริม!C17*2)+(หลังกลาง!C17*6) -> 0
B18: - ไม้แบบทั่วไป | C18: =(หลังริม!C18*2)+(หลังกลาง!C18*6) -> 26.666667 | D18: แผ่น | E18: 590 | F18: =E18*C18 -> 15733.333 | G18: 0 | H18: =G18*E18 -> 0 | I18: =H18+F18 -> 15733.333
B19: - ไม้คร่าว | C19: =(หลังริม!C19*2)+(หลังกลาง!C19*6) -> 0 | D19: ลบ.ฟ. | E19: 0 | F19: =E19*C19 -> 0 | G19: 0 | H19: =G19*E19 -> 0 | I19: =H19+F19 -> 0
B20: - ไม้ค้ำยัน | C20: =(หลังริม!C20*2)+(หลังกลาง!C20*6) -> 266.66667 | D20: ต้น | E20: 25 | F20: =E20*C20 -> 6666.6667 | G20: 0 | H20: =G20*E20 -> 0 | I20: =H20+F20 -> 6666.6667
B21: - ตะปูขนาดต่างๆ | C21: =(หลังริม!C21*2)+(หลังกลาง!C21*6) -> 0 | D21: กก. | E21: 0 | F21: =E21*C21 -> 0 | G21: 0 | H21: =G21*E21 -> 0 | I21: =H21+F21 -> 0
B22: - ค่าแรงงานไม้แบบ | C22: =(หลังริม!C22*2)+(หลังกลาง!C22*6) -> 0 | D22: ตร.ม. | E22: 0 | F22: =E22*C22 -> 0 | G22: 0 | H22: =G22*E22 -> 0 | I22: =H22+F22 -> 0
B23: รวมงานข้อ 1.3 | C23: =(หลังริม!C23*2)+(หลังกลาง!C23*6) -> 0 | F23: =SUM(F18:F22) -> 22400 | H23: =SUM(H18:H22) -> 0 | I23: =SUM(I18:I22) -> 22400 | K23: =H23+F23 -> 22400
B24: 1.4 งานคอนกรีตโครงสร้าง | C24: =(หลังริม!C24*2)+(หลังกลาง!C24*6) -> 0
B25: - คอนกรีตหยาบ( lean) | C25: =(หลังริม!C25*2)+(หลังกลาง!C25*6) -> 20 | D25: ลบ.ม. | E25: 1300 | F25: =E25*C25 -> 26000 | G25: 0 | H25: =G25*C25 -> 0 | I25: =H25+F25 -> 26000
B26: - คอนกรีตผสมเสร็จ 280 กก./ตร.ซม. (ลูกบาศก์) | C26: =(หลังริม!C26*2)+(หลังกลาง!C26*6) -> 73.333333 | D26: ลบ.ม. | E26: 1500 | F26: =E26*C26 -> 110000 | G26: 0 | H26: =G26*C26 -> 0 | I26: =H26+F26 -> 110000
B27: - คอนกรีตผสมเสร็จ 320 กก./ตร.ซม. (ลูกบาศก์) | C27: =(หลังริม!C27*2)+(หลังกลาง!C27*6) -> 0 | D27: ลบ.ม. | E27: 1600 | F27: =E27*C27 -> 0 | G27: 0 | H27: =G27*C27 -> 0 | I27: =H27+F27 -> 0
B28: - เหล็กตะแกรง WIRE MESH Ø 6 มม. @ 0.20 ม. (ข้ออ้อย) | C28: =(หลังริม!C28*2)+(หลังกลาง!C28*6) -> 800 | D28: ตร.ม. | E28: 74.2 | F28: =E28*C28 -> 59360 | G28: 0 | H28: =G28*C28 -> 0 | I28: =H28+F28 -> 59360
B29: - ค่าแรงงานโครงสร้าง | C29: =(หลังริม!C29*2)+(หลังกลาง!C29*6) -> 800 | D29: ตร.ม. | E29: 0 | F29: =E29*C29 -> 0 | G29: 173.47 | H29: =G29*C29 -> 138776 | I29: =H29+F29 -> 138776
B30: รวมงานข้อ 1.4 | C30: =(หลังริม!C30*2)+(หลังกลาง!C30*6) -> 0 | F30: =SUM(F25:F29) -> 195360 | H30: =SUM(H25:H29) -> 138776 | I30: =SUM(I25:I29) -> 334136 | K30: =H30+F30 -> 334136
B31: 1.5 งานเหล็กเสริมคอนกรีต | C31: =(หลังริม!C31*2)+(หลังกลาง!C31*6) -> 0
B32: - เหล็กเส้นกลมผิวเรียบ SR 24 ขนาด Ø 6 มม. | C32: =(หลังริม!C32*2)+(หลังกลาง!C32*6) -> 0.148 | D32: ตัน | E32: 64 | F32: =C32*1000/2.22*E32 -> 4266.6667 | G32: 0 | H32: =G32*C32 -> 0 | I32: =H32+F32 -> 4266.6667
B33: - เหล็กเส้นกลมผิวเรียบ SR 24 ขนาด Ø 9 มม. | C33: =(หลังริม!C33*2)+(หลังกลาง!C33*6) -> 0.43246667 | D33: ตัน | E33: 137 | F33: =C33*1000/4.99*E33 -> 11873.333 | G33: 0 | H33: =G33*C33 -> 0 | I33: =H33+F33 -> 11873.333
B34: - เหล็กเส้นกลมผิวข้ออ้อย SD 40 ขนาด Ø 12 มม. | C34: =(หลังริม!C34*2)+(หลังกลาง!C34*6) -> 2.5456 | D34: ตัน | E34: 240 | F34: =C34*1000/8.88*E34 -> 68800 | G34: 0 | H34: =G34*C34 -> 0 | I34: =H34+F34 -> 68800
B35: - เหล็กเส้นกลมผิวข้ออ้อย SD 40 ขนาด Ø 16 มม. | C35: =(หลังริม!C35*2)+(หลังกลาง!C35*6) -> 0 | D35: ตัน | E35: 425 | F35: =C35*1000/15.78*E35 -> 0 | G35: 0 | H35: =G35*C35 -> 0 | I35: =H35+F35 -> 0
B36: - ลวดผูกเหล็ก Ø 1.25 มม. (เบอร์ 18) | C36: =(หลังริม!C36*2)+(หลังกลาง!C36*6) -> 0 | D36: กก. | E36: 0 | F36: =E36*C36 -> 0 | G36: 0 | H36: =G36*C36 -> 0 | I36: =H36+F36 -> 0
B37: รวมงานข้อ 1.5 | C37: =(หลังริม!C37*2)+(หลังกลาง!C37*6) -> 0 | F37: =SUM(F32:F36) -> 84940 | H37: =SUM(H32:H36) -> 0 | I37: =SUM(I32:I36) -> 84940 | K37: =H37+F37 -> 84940
B38: 1.6 งานผนังสำเร็จ (แบบหล่อพร้อมจับเซี้ยม) | C38: =(หลังริม!C38*2)+(หลังกลาง!C38*6) -> 0
B39: - เหล็กเส้นกลมผิวเรียบ SR 24 ขนาด Ø 9 มม. | C39: =(หลังริม!C39*2)+(หลังกลาง!C39*6) -> 0.39866667 | D39: ตัน | E39: 137 | F39: =C39*1000/4.99*E39 -> 10945.357 | G39: 0 | H39: =G39*C39 -> 0 | I39: =H39+F39 -> 10945.357
B40: - เหล็กเส้นกลมผิวข้ออ้อย SD 40 ขนาด Ø 12 มม. | C40: =(หลังริม!C40*2)+(หลังกลาง!C40*6) -> 0.70666667 | D40: ตัน | E40: 240 | F40: =C40*1000/8.88*E40 -> 19099.099 | G40: 0 | H40: =G40*C40 -> 0 | I40: =H40+F40 -> 19099.099
B41: - คอนกรีตผสมเสร็จ 280 กก./ตร.ซม. (ปั้ม) | C41: =(หลังริม!C41*2)+(หลังกลาง!C41*6) -> 78.666667 | D41: ลบ.ม. | E41: 1600 | F41: =E41*C41 -> 125866.67 | G41: 0 | H41: =G41*C41 -> 0 | I41: =H41+F41 -> 125866.67
B42: - เหล็กตะแกรง WIRE MESH Ø 6 มม. @ 0.20 ม. | C42: =(หลังริม!C42*2)+(หลังกลาง!C42*6) -> 800 | D42: ตร.ม. | E42: 74.2 | F42: =E42*C42 -> 59360 | G42: 0 | H42: =G42*C42 -> 0 | I42: =H42+F42 -> 59360
B43: - ค่าแรงงานผนังสำเร็จ | C43: =(หลังริม!C43*2)+(หลังกลาง!C43*6) -> 800 | D43: ตร.ม. | E43: 0 | F43: 0 | G43: 115 | H43: =G43*C43 -> 92000 | I43: =H43+F43 -> 92000
B44: รวมงานข้อ 1.6 | C44: =(หลังริม!C44*2)+(หลังกลาง!C44*6) -> 0 | F44: =SUM(F39:F43) -> 215271.12 | H44: =SUM(H39:H43) -> 92000 | I44: =SUM(I39:I43) -> 307271.12 | K44: =H44+F44 -> 307271.12
B45: 1.7 งานโครงหลังคาเหล็ก | C45: =(หลังริม!C45*2)+(หลังกลาง!C45*6) -> 0
B46: - เหล็กกล่อง 1''*1''*1.8 มม. | C46: =(หลังริม!C46*2)+(หลังกลาง!C46*6) -> 16 | D46: เส้น | E46: 225 | F46: =E46*C46 -> 3600 | G46: 0 | H46: =G46*C46 -> 0 | I46: =H46+F46 -> 3600
B47: - เหล็กกล่อง 2''*2''*1.8มม. | C47: =(หลังริม!C47*2)+(หลังกลาง!C47*6) -> 97.333333 | D47: เส้น | E47: 500 | F47: =E47*C47 -> 48666.667 | G47: 0 | H47: =G47*C47 -> 0 | I47: =H47+F47 -> 48666.667
B48: - เหล็กตัวซี C 100 x 50 x 2.0 มม. | C48: =(หลังริม!C48*2)+(หลังกลาง!C48*6) -> 61.333333 | D48: เส้น | E48: 650 | F48: =E48*C48 -> 39866.667 | G48: 0 | H48: =G48*C48 -> 0 | I48: =H48+F48 -> 39866.667
B49: - เหล็กตัวซี C 100 x 50 x 2.3 มม. | C49: =(หลังริม!C49*2)+(หลังกลาง!C49*6) -> 37.333333 | D49: เส้น | E49: 740 | F49: =E49*C49 -> 27626.667 | G49: 0 | H49: =G49*C49 -> 0 | I49: =H49+F49 -> 27626.667
B50: - เหล็กกล่อง 100*100*3.2 มม. | C50: =(หลังริม!C50*2)+(หลังกลาง!C50*6) -> 2.6666667 | D50: เส้น | E50: 1900 | F50: =E50*C50 -> 5066.6667 | G50: 0 | H50: =G50*C50 -> 0 | I50: =H50+F50 -> 5066.6667
B51: - เหล็กแฟตบาร์ 4" * 6.00 หนา 6.00 มม. | C51: =(หลังริม!C51*2)+(หลังกลาง!C51*6) -> 1.3333333 | D51: เส้น | E51: 905 | F51: =E51*C51 -> 1206.6667 | G51: 0 | H51: =G51*C51 -> 0 | I51: =H51+F51 -> 1206.6667
B52: - เหล็กกล่อง 100*50*2.3 มม. | C52: =(หลังริม!C52*2)+(หลังกลาง!C52*6) -> 10.666667 | D52: เส้น | E52: 1040 | F52: =E52*C52 -> 11093.333 | G52: 0 | H52: =G52*C52 -> 0 | I52: =H52+F52 -> 11093.333
B53: - เหล็กแผ่น 8' x 8' x 6 มม. | C53: =(หลังริม!C53*2)+(หลังกลาง!C53*6) -> 8 | D53: แผ่น | E53: 109 | F53: =E53*C53 -> 872 | G53: 0 | H53: =G53*C53 -> 0 | I53: =H53+F53 -> 872
B54: - เหล็กแผ่น 6' x 6' x 6 มม. | C54: =(หลังริม!C54*2)+(หลังกลาง!C54*6) -> 18.666667 | D54: แผ่น | E54: 53 | F54: =E54*C54 -> 989.33333 | G54: 0 | H54: =G54*C54 -> 0 | I54: =H54+F54 -> 989.33333
B55: - เหล็กแฟตบาร์ 3" * 6.00 หนา 6.00 มม. | C55: =(หลังริม!C55*2)+(หลังกลาง!C55*6) -> 1.3333333 | D55: แผ่น | E55: 670 | F55: =E55*C55 -> 893.33333 | G55: 0 | H55: =G55*C55 -> 0 | I55: =H55+F55 -> 893.33333
B56: - ลวดเชื่อม KOBE 2.6 มม. | C56: =(หลังริม!C56*2)+(หลังกลาง!C56*6) -> 1.3333333 | D56: ลัง | E56: 1500 | F56: =E56*C56 -> 2000 | G56: 0 | H56: =G56*C56 -> 0 | I56: =H56+F56 -> 2000
B57: - ทาสีกันสนิมโครงเหล็กหลังคา KOBE สีเทา | C57: =(หลังริม!C57*2)+(หลังกลาง!C57*6) -> 8 | D57: ถัง | E57: 1189 | F57: =E57*C57 -> 9512 | G57: 0 | H57: =G57*C57 -> 0 | I57: =H57+F57 -> 9512
... B64: - งานติดตั้งซีซาแนลมุกหน้าบ้าน | C64: =(หลังริม!C64*2)+(หลังกลาง!C64*6) -> 32 | D64: เมตร | E64: 0 | F64: =E64*C64 -> 0 | G64: 80 | H64: =G64*C64 -> 2560 | I64: =H64+F64 -> 2560
B65: รวมงานข้อ 1.7 | C65: =(หลังริม!C65*2)+(หลังกลาง!C65*6) -> 0 | F65: =SUM(F46:F64) -> 159353.33 | H65: =SUM(H46:H64) -> 94650.733 | I65: =SUM(I46:I64) -> 254004.07 | K65: =H65+F65 -> 254004.07
A66: 1 | B66: รวมค่างานโครงสร้างวิศวกรรมทั้งหมด | C66: =(หลังริม!C66*2)+(หลังกลาง!C66*6) -> 0 | D66: รวม | F66: =F12+F16+F23+F30+F37+F44+F65 -> 887311.12 | H66: =H12+H16+H23+H30+H37+H44+H65 -> 380226.73 | I66: =I12+I16+I23+I30+I37+I44+I65 -> 1267537.9 | K66: =H66+F66 -> 1267537.9
C67: =(หลังริม!C67*2)+(หลังกลาง!C67*6) -> 0
A68: 2 | B68: งานสถาปัตยกรรม | C68: =(หลังริม!C68*2)+(หลังกลาง!C68*6) -> 0
B69: 2.1 งานประปาโครงสร้าง | C69: =(หลังริม!C69*2)+(หลังกลาง!C69*6) -> 0
B70: - ท่อ PVC C5 6 นิ้ว แบบบาน | C70: =(หลังริม!C70*2)+(หลังกลาง!C70*6) -> 40 | D70: เส้น | E70: 1090 | F70: =E70*C70 -> 43600 | G70: 0 | H70: =G70*C70 -> 0 | I70: =H70+F70 -> 43600
B71: - ท่อ PVC C5 4 นิ้ว | C71: =(หลังริม!C71*2)+(หลังกลาง!C71*6) -> 16 | D71: เส้น | E71: 510 | F71: =E71*C71 -> 8160 | G71: 0 | H71: =G71*C71 -> 0 | I71: =H71+F71 -> 8160
B72: - ท่อ PVC C5 2.5 นิ้ว | C72: =(หลังริม!C72*2)+(หลังกลาง!C72*6) -> 8 | D72: เส้น | E72: 234 | F72: =E72*C72 -> 1872 | G72: 0 | H72: =G72*C72 -> 0 | I72: =H72+F72 -> 1872
B73: - ท่อ PVC C5 2 นิ้ว | C73: =(หลังริม!C73*2)+(หลังกลาง!C73*6) -> 16 | D73: เส้น | E73: 144 | F73: =E73*C73 -> 2304 | G73: 0 | H73: =G73*C73 -> 0 | I73: =H73+F73 -> 2304
B74: - ท่อ PVC C5 1.5 นิ้ว | C74: =(หลังริม!C74*2)+(หลังกลาง!C74*6) -> 8 | D74: เส้น | E74: 53 | F74: =E74*C74 -> 424 | G74: 0 | H74: =G74*C74 -> 0 | I74: =H74+F74 -> 424
B75: - ท่อ PVC C5 1 นิ้ว | C75: =(หลังริม!C75*2)+(หลังกลาง!C75*6) -> 8 | D75: เส้น | E75: 48 | F75: =E75*C75 -> 384 | G75: 0 | H75: =G75*C75 -> 0 | I75: =H75+F75 -> 384
B76: - ท่อ PVC C13.5 3/4 | C76: =(หลังริม!C76*2)+(หลังกลาง!C76*6) -> 8 | D76: เส้น | E76: 64 | F76: =E76*C76 -> 512 | G76: 0 | H76: =G76*C76 -> 0 | I76: =H76+F76 -> 512
B77: - ข้องอ 90 4 นิ้ว แบบบาง | C77: =(หลังริม!C77*2)+(หลังกลาง!C77*6) -> 8 | D77: ตัว | E77: 84.6 | F77: =E77*C77 -> 676.8 | G77: 0 | H77: =G77*C77 -> 0 | I77: =H77+F77 -> 676.8
B78: - ข้องอ 45 4 นิ้ว แบบบาง | C78: =(หลังริม!C78*2)+(หลังกลาง!C78*6) -> 24 | D78: ตัว | E78: 84.6 | F78: =E78*C78 -> 2030.4 | G78: 0 | H78: =G78*C78 -> 0 | I78: =H78+F78 -> 2030.4
B79: - ข้องอ 90 2.5 นิ้ว แบบบาง | C79: =(หลังริม!C79*2)+(หลังกลาง!C79*6) -> 32 | D79: ตัว | E79: 22.8 | F79: =E79*C79 -> 729.6 | G79: 0 | H79: =G79*C79 -> 0 | I79: =H79+F79 -> 729.6
B80: - ข้อต่อสามทาง 2.5 นิ้ว แบบบาง | C80: =(หลังริม!C80*2)+(หลังกลาง!C80*6) -> 16 | D80: ตัว | E80: 31.3 | F80: =E80*C80 -> 500.8 | G80: 0 | H80: =G80*C80 -> 0 | I80: =H80+F80 -> 500.8
B81: - ข้องอ 90 2 นิ้ว แบบบาง | C81: =(หลังริม!C81*2)+(หลังกลาง!C81*6) -> 32 | D81: ตัว | E81: 13.9 | F81: =E81*C81 -> 444.8 | G81: 0 | H81: =G81*C81 -> 0 | I81: =H81+F81 -> 444.8
... B95: - ฝาบ่อพัก | C95: =(หลังริม!C95*2)+(หลังกลาง!C95*6) -> 16 | D95: ฝา | E95: 42 | F95: =E95*C95 -> 672 | G95: 0 | H95: =G95*C95 -> 0 | I95: =H95+F95 -> 672
B96: รวมงานข้อ 2.1 | C96: =(หลังริม!C96*2)+(หลังกลาง!C96*6) -> 0 | F96: =SUM(F70:F95) -> 109155.07 | H96: =SUM(H70:H95) -> 0 | I96: =SUM(I70:I95) -> 109155.07 | K96: =H96+F96 -> 109155.07
B97: 2.3 งานผนังจับเซี้ยมอุดรู เจีย | C97: =(หลังริม!C97*2)+(หลังกลาง!C97*6) -> 0
B98: - ปูนก่ออิฐมวลเบา | C98: =(หลังริม!C98*2)+(หลังกลาง!C98*6) -> 8 | D98: ลูก | E98: 109 | F98: =E98*C98 -> 872 | G98: 6000 | H98: =G98*C98 -> 48000 | I98: =H98+F98 -> 48872
B99: - ปูนฉาบอิฐมวลเบา M210 | C99: =(หลังริม!C99*2)+(หลังกลาง!C99*6) -> 26.666667 | D99: ลูก | E99: 75 | F99: =E99*C99 -> 2000 | G99: 0 | H99: =G99*C99 -> 0 | I99: =H99+F99 -> 2000
B100: รวมงานข้อ 2.3 | C100: =(หลังริม!C100*2)+(หลังกลาง!C100*6) -> 0 | F100: =SUM(F98:F99) -> 2872 | H100: =SUM(H98:H99) -> 48000 | I100: =SUM(I98:I99) -> 50872 | K100: =H100+F100 -> 50872
B101: 2.4 งานก่อรั้วหน้าบ้าน | C101: =(หลังริม!C101*2)+(หลังกลาง!C101*6) -> 0
B102: - ผนังก่ออิฐบล็อค | C102: =(หลังริม!C102*2)+(หลังกลาง!C102*6) -> 700 | D102: ก้อน | E102: 5.5 | F102: =E102*C102 -> 3850 | G102: 0 | H102: =G102*C102 -> 0 | I102: =H102+F102 -> 3850
B103: - หิน3/4 | C103: =(หลังริม!C103*2)+(หลังกลาง!C103*6) -> 2.6666667 | D103: คิว | E103: 500 | F103: =E103*C103 -> 1333.3333 | G103: 0 | H103: =G103*C103 -> 0 | I103: =H103+F103 -> 1333.3333
B104: - ทรายหยาบ | C104: =(หลังริม!C104*2)+(หลังกลาง!C104*6) -> 2.6666667 | D104: คิว | E104: 400 | F104: =E104*C104 -> 1066.6667 | G104: 0 | H104: =G104*C104 -> 0 | I104: =H104+F104 -> 1066.6667
B105: - ปูนเขียว TPI 197 | C105: =(หลังริม!C105*2)+(หลังกลาง!C105*6) -> 26.666667 | D105: ลูก | E105: 92 | F105: =E105*C105 -> 2453.3333 | G105: 0 | H105: =G105*C105 -> 0 | I105: =H105+F105 -> 2453.3333
B106: - ปูนฉาบสำเร็จ M209 | C106: =(หลังริม!C106*2)+(หลังกลาง!C106*6) -> 80 | D106: ลูก | E106: 61 | F106: =E106*C106 -> 4880 | G106: 0 | H106: =G106*C106 -> 0 | I106: =H106+F106 -> 4880
B107: - ปูนแดง TPI | C107: =(หลังริม!C107*2)+(หลังกลาง!C107*6) -> 13.333333 | D107: เส้น | E107: 110 | F107: =E107*C107 -> 1466.6667 | G107: 0 | H107: =G107*C107 -> 0 | I107: =H107+F107 -> 1466.6667
B108: - เหล็กเส้นกลมผิวเรียบ SR 24 ขนาด Ø 6 มม. | C108: =(หลังริม!C108*2)+(หลังกลาง!C108*6) -> 13.333333 | D108: เส้น | E108: 64 | F108: =E108*C108 -> 853.33333 | G108: 0 | H108: =G108*C108 -> 0 | I108: =H108+F108 -> 853.33333
B109: - เหล็กทับหลังสำเร็จ (50ม.) | C109: =(หลังริม!C109*2)+(หลังกลาง!C109*6) -> 1.3333333 | D109: ม้วน | E109: 0 | F109: =E109*C109 -> 0 | G109: 0 | H109: =G109*C109 -> 0 | I109: =H109+F109 -> 0
B110: - ค่าแรงงานก่อรั้วหน้าบ้าน | C110: =(หลังริม!C110*2)+(หลังกลาง!C110*6) -> 8 | D110: หลัง | E110: 0 | F110: =E110*C110 -> 0 | G110: 1012 | H110: =G110*C110 -> 8096 | I110: =H110+F110 -> 8096
B111: รวมงานข้อ 2.4 | C111: =(หลังริม!C111*2)+(หลังกลาง!C111*6) -> 0 | F111: =SUM(F102:F110) -> 15903.333 | H111: =SUM(H102:H110) -> 8096 | I111: =SUM(I102:I110) -> 23999.333 | K111: =H111+F111 -> 23999.333
B112: 2.5 งานเทพื้นที่จอดรถหน้าบ้าน | C112: =(หลังริม!C112*2)+(หลังกลาง!C112*6) -> 0
B113: - เหล็กตะแกรงไวร์เมท 4 มม @0.20 | C113: =(หลังริม!C113*2)+(หลังกลาง!C113*6) -> 192 | D113: ตร.ม. | E113: 45 | F113: =E113*C113 -> 8640 | G113: 80 | H113: =G113*C113 -> 15360 | I113: =F113+H113 -> 24000
B114: - คอนกรีตผสมเสร็จ 280 กก./ตร.ซม. (ลูกบาศก์) | C114: =(หลังริม!C114*2)+(หลังกลาง!C114*6) -> 22.666667 | D114: ลบ.ม. | E114: 1500 | F114: =E114*C114 -> 34000 | G114: 0 | H114: =G114*C114 -> 0 | I114: =F114+H114 -> 34000
B115: รวมงานข้อ 2.5 | C115: =(หลังริม!C115*2)+(หลังกลาง!C115*6) -> 0 | F115: =SUM(F113:F114) -> 42640 | H115: =SUM(H113:H114) -> 15360 | I115: =SUM(I113:I114) -> 58000 | K115: =H115+F115 -> 58000
B116: 2.6 งานเทผนังหลังบ้าน | C116: =(หลังริม!C116*2)+(หลังกลาง!C116*6) -> 0
B117: - เหล็กเส้นกลมผิวเรียบ SR 24 ขนาด Ø 9 มม. | C117: =(หลังริม!C117*2)+(หลังกลาง!C117*6) -> 0.066666667 | D117: ตัน | E117: 137 | F117: =C117*1000/4.99*E117 -> 1830.3273 | G117: 0 | H117: =G117*C117 -> 0 | I117: =H117+F117 -> 1830.3273
B118: - เหล็กเส้นกลมผิวข้ออ้อย SD 40 ขนาด Ø 12 มม. | C118: =(หลังริม!C118*2)+(หลังกลาง!C118*6) -> 0.053333333 | D118: ตัน | E118: 240 | F118: =C118*1000/8.88*E118 -> 1441.4414 | G118: 0 | H118: =G118*C118 -> 0 | I118: =H118+F118 -> 1441.4414
B119: - คอนกรีตผสมเสร็จ 280 กก./ตร.ซม. (ปั้ม) | C119: =(หลังริม!C119*2)+(หลังกลาง!C119*6) -> 17.333333 | D119: ลบ.ม. | E119: 1600 | F119: =E119*C119 -> 27733.333 | G119: 0 | H119: =G119*C119 -> 0 | I119: =H119+F119 -> 27733.333
B120: - เหล็กตะแกรง WIRE MESH Ø 6 มม. @ 0.20 ม. | C120: =(หลังริม!C120*2)+(หลังกลาง!C120*6) -> 173.33333 | D120: ตร.ม. | E120: 74.2 | F120: =E120*C120 -> 12861.333 | G120: 0 | H120: =G120*C120 -> 0 | I120: =H120+F120 -> 12861.333
B121: - ค่าแรงงานเทผนังหลังบ้าน | C121: =(หลังริม!C121*2)+(หลังกลาง!C121*6) -> 8 | D121: หลัง | E121: 0 | F121: =E121*C121 -> 0 | G121: 2500 | H121: =G121*C121 -> 20000 | I121: =H121+F121 -> 20000
...

Sheet บ้านแถว 7 หลังPL
A1: BOQ สรุปรายการปริมาณงานและราคา บ้านแถว 6 หลัง
A4: ลำดับที่ | B4: รายการ | C4: จำนวน | D4: หน่วย | E4: ค่าวัสดุ | G4: ค่าแรงงาน | I4: รวมค่าวัสดุและ | J4: หมายเหตุ
E5: ราคาต่อหน่วย | F5: จำนวนเงิน (บาท) | G5: ราคาต่อหน่วย | H5: จำนวนเงิน (บาท) | I5: ค่าแรงงาน (บาท)
A6: 1 | B6: งานโครงสร้างวิศวกรรม
B7: 1.1 งานดิน หิน ทราย และฐานราก
B8: - ขุดดินฐานรากและถมคืน (งานแบ็คโคร) | C8: =(หลังริม!C8*1)+(หลังกลาง!C8*6) -> 11.666667 | D8: วัน | E8: 3500 | F8: =E8*C8 -> 40833.333 | G8: 0 | H8: =G8*E8 -> 0 | I8: =H8+F8 -> 40833.333
B9: - คอนกรีตผสมเสร็จ 280 กก./ตร.ซม. (ลูกบาศก์) | C9: =(หลังริม!C9*1)+(หลังกลาง!C9*6) -> 6.4166667 | D9: ลบ.ม. | E9: 1500 | F9: =E9*C9 -> 9625 | G9: 1 | H9: =G9*E9 -> 1500 | I9: =H9+F9 -> 11125
B10: - คอนกรีตหยาบรองก้นฐานราก 1:3:5 | C10: =(หลังริม!C10*1)+(หลังกลาง!C10*6) -> 0 | D10: ลบ.ม. | E10: 0 | F10: =E10*C10 -> 0 | G10: 2 | H10: =G10*E10 -> 0 | I10: =H10+F10 -> 0
B11: - ทรายถมปรับระดับ | C11: =(หลังริม!C11*1)+(หลังกลาง!C11*6) -> 46.666667 | D11: ลบ.ม. | E11: 100 | F11: =E11*C11 -> 4666.6667 | G11: 3 | H11: =G11*E11 -> 300 | I11: =H11+F11 -> 4966.6667
B12: รวมงานข้อ 1.1 | C12: =(หลังริม!C12*1)+(หลังกลาง!C12*6) -> 0 | F12: =SUM(F8:F11) -> 55125 | H12: =SUM(H8:H11) -> 1800 | I12: =SUM(I8:I11) -> 56925 | K12: =H12+F12 -> 56925
B13: 1.2 งานตอกเสาเข็ม | C13: =(หลังริม!C13*1)+(หลังกลาง!C13*6) -> 0
B14: - เสาเข็ม ไอตัน ขนาด 0.18 x 0.18 x 16 ม. | C14: =(หลังริม!C14*1)+(หลังกลาง!C14*6) -> 61.833333 | D14: ต้น | E14: 2080 | F14: =E14*C14 -> 128613.33 | G14: 750 | H14: =G14*C14 -> 46375 | I14: =H14+F14 -> 174988.33
B15: - ค่าสกัดหัวเสาเข็ม | C15: =(หลังริม!C15*1)+(หลังกลาง!C15*6) -> 0 | D15: ต้น | E15: 0 | F15: =E15*C15 -> 0 | G15: 0 | H15: =G15*C15 -> 0 | I15: =H15+F15 -> 0
B16: รวมงานข้อ 1.2 | C16: =(หลังริม!C16*1)+(หลังกลาง!C16*6) -> 0 | F16: =SUM(F14:F15) -> 128613.33 | H16: =SUM(H14:H15) -> 46375 | I16: =SUM(I14:I15) -> 174988.33 | K16: =H16+F16 -> 174988.33
B17: 1.3 งานแบบหล่อคอนกรีต | C17: =(หลังริม!C17*1)+(หลังกลาง!C17*6) -> 0
B18: - ไม้แบบทั่วไป | C18: =(หลังริม!C18*1)+(หลังกลาง!C18*6) -> 23.333333 | D18: แผ่น | E18: 590 | F18: =E18*C18 -> 13766.667 | G18: 0 | H18: =G18*E18 -> 0 | I18: =H18+F18 -> 13766.667
B19: - ไม้คร่าว | C19: =(หลังริม!C19*1)+(หลังกลาง!C19*6) -> 0 | D19: ลบ.ฟ. | E19: 0 | F19: =E19*C19 -> 0 | G19: 0 | H19: =G19*E19 -> 0 | I19: =H19+F19 -> 0
B20: - ไม้ค้ำยัน | C20: =(หลังริม!C20*1)+(หลังกลาง!C20*6) -> 233.33333 | D20: ต้น | E20: 25 | F20: =E20*C20 -> 5833.3333 | G20: 0 | H20: =G20*E20 -> 0 | I20: =H20+F20 -> 5833.3333
B21: - ตะปูขนาดต่างๆ | C21: =(หลังริม!C21*1)+(หลังกลาง!C21*6) -> 0 | D21: กก. | E21: 0 | F21: =E21*C21 -> 0 | G21: 0 | H21: =G21*E21 -> 0 | I21: =H21+F21 -> 0
B22: - ค่าแรงงานไม้แบบ | C22: =(หลังริม!C22*1)+(หลังกลาง!C22*6) -> 0 | D22: ตร.ม. | E22: 0 | F22: =E22*C22 -> 0 | G22: 0 | H22: =G22*E22 -> 0 | I22: =H22+F22 -> 0
B23: รวมงานข้อ 1.3 | C23: =(หลังริม!C23*1)+(หลังกลาง!C23*6) -> 0 | F23: =SUM(F18:F22) -> 19600 | H23: =SUM(H18:H22) -> 0 | I23: =SUM(I18:I22) -> 19600 | K23: =H23+F23 -> 19600
B24: 1.4 งานคอนกรีตโครงสร้าง | C24: =(หลังริม!C24*1)+(หลังกลาง!C24*6) -> 0
B25: - คอนกรีตหยาบ( lean) | C25: =(หลังริม!C25*1)+(หลังกลาง!C25*6) -> 17.5 | D25: ลบ.ม. | E25: 1300 | F25: =E25*C25 -> 22750 | G25: 0 | H25: =G25*C25 -> 0 | I25: =H25+F25 -> 22750
B26: - คอนกรีตผสมเสร็จ 280 กก./ตร.ซม. (ลูกบาศก์) | C26: =(หลังริม!C26*1)+(หลังกลาง!C26*6) -> 64.166667 | D26: ลบ.ม. | E26: 1500 | F26: =E26*C26 -> 96250 | G26: 0 | H26: =G26*C26 -> 0 | I26: =H26+F26 -> 96250
B27: - คอนกรีตผสมเสร็จ 320 กก./ตร.ซม. (ลูกบาศก์) | C27: =(หลังริม!C27*1)+(หลังกลาง!C27*6) -> 0 | D27: ลบ.ม. | E27: 1600 | F27: =E27*C27 -> 0 | G27: 0 | H27: =G27*C27 -> 0 | I27: =H27+F27 -> 0
B28: - เหล็กตะแกรง WIRE MESH Ø 6 มม. @ 0.20 ม. (ข้ออ้อย) | C28: =(หลังริม!C28*1)+(หลังกลาง!C28*6) -> 700 | D28: ตร.ม. | E28: 74.2 | F28: =E28*C28 -> 51940 | G28: 0 | H28: =G28*C28 -> 0 | I28: =H28+F28 -> 51940
B29: - ค่าแรงงานโครงสร้าง | C29: =(หลังริม!C29*1)+(หลังกลาง!C29*6) -> 700 | D29: ตร.ม. | E29: 0 | F29: =E29*C29 -> 0 | G29: 173.47 | H29: =G29*C29 -> 121429 | I29: =H29+F29 -> 121429
B30: รวมงานข้อ 1.4 | C30: =(หลังริม!C30*1)+(หลังกลาง!C30*6) -> 0 | F30: =SUM(F25:F29) -> 170940 | H30: =SUM(H25:H29) -> 121429 | I30: =SUM(I25:I29) -> 292369 | K30: =H30+F30 -> 292369
B31: 1.5 งานเหล็กเสริมคอนกรีต | C31: =(หลังริม!C31*1)+(หลังกลาง!C31*6) -> 0
B32: - เหล็กเส้นกลมผิวเรียบ SR 24 ขนาด Ø 6 มม. | C32: =(หลังริม!C32*1)+(หลังกลาง!C32*6) -> 0.1295 | D32: ตัน | E32: 64 | F32: =C32*1000/2.22*E32 -> 3733.3333 | G32: 0 | H32: =G32*C32 -> 0 | I32: =H32+F32 -> 3733.3333
B33: - เหล็กเส้นกลมผิวเรียบ SR 24 ขนาด Ø 9 มม. | C33: =(หลังริม!C33*1)+(หลังกลาง!C33*6) -> 0.37840833 | D33: ตัน | E33: 137 | F33: =C33*1000/4.99*E33 -> 10389.167 | G33: 0 | H33: =G33*C33 -> 0 | I33: =H33+F33 -> 10389.167
B34: - เหล็กเส้นกลมผิวข้ออ้อย SD 40 ขนาด Ø 12 มม. | C34: =(หลังริม!C34*1)+(หลังกลาง!C34*6) -> 2.2274 | D34: ตัน | E34: 240 | F34: =C34*1000/8.88*E34 -> 60200 | G34: 0 | H34: =G34*C34 -> 0 | I34: =H34+F34 -> 60200
B35: - เหล็กเส้นกลมผิวข้ออ้อย SD 40 ขนาด Ø 16 มม. | C35: =(หลังริม!C35*1)+(หลังกลาง!C35*6) -> 0 | D35: ตัน | E35: 425 | F35: =C35*1000/15.78*E35 -> 0 | G35: 0 | H35: =G35*C35 -> 0 | I35: =H35+F35 -> 0
B36: - ลวดผูกเหล็ก Ø 1.25 มม. (เบอร์ 18) | C36: =(หลังริม!C36*1)+(หลังกลาง!C36*6) -> 0 | D36: กก. | E36: 0 | F36: =E36*C36 -> 0 | G36: 0 | H36: =G36*C36 -> 0 | I36: =H36+F36 -> 0
B37: รวมงานข้อ 1.5 | C37: =(หลังริม!C37*1)+(หลังกลาง!C37*6) -> 0 | F37: =SUM(F32:F36) -> 74322.5 | H37: =SUM(H32:H36) -> 0 | I37: =SUM(I32:I36) -> 74322.5 | K37: =H37+F37 -> 74322.5
B38: 1.6 งานผนังสำเร็จ (แบบหล่อพร้อมจับเซี้ยม) | C38: =(หลังริม!C38*1)+(หลังกลาง!C38*6) -> 0
B39: - เหล็กเส้นกลมผิวเรียบ SR 24 ขนาด Ø 9 มม. | C39: =(หลังริม!C39*1)+(หลังกลาง!C39*6) -> 0.34883333 | D39: ตัน | E39: 137 | F39: =C39*1000/4.99*E39 -> 9577.1877 | G39: 0 | H39: =G39*C39 -> 0 | I39: =H39+F39 -> 9577.1877
B40: - เหล็กเส้นกลมผิวข้ออ้อย SD 40 ขนาด Ø 12 มม. | C40: =(หลังริม!C40*1)+(หลังกลาง!C40*6) -> 0.61833333 | D40: ตัน | E40: 240 | F40: =C40*1000/8.88*E40 -> 16711.712 | G40: 0 | H40: =G40*C40 -> 0 | I40: =H40+F40 -> 16711.712
B41: - คอนกรีตผสมเสร็จ 280 กก./ตร.ซม. (ปั้ม) | C41: =(หลังริม!C41*1)+(หลังกลาง!C41*6) -> 68.833333 | D41: ลบ.ม. | E41: 1600 | F41: =E41*C41 -> 110133.33 | G41: 0 | H41: =G41*C41 -> 0 | I41: =H41+F41 -> 110133.33
B42: - เหล็กตะแกรง WIRE MESH Ø 6 มม. @ 0.20 ม. | C42: =(หลังริม!C42*1)+(หลังกลาง!C42*6) -> 700 | D42: ตร.ม. | E42: 74.2 | F42: =E42*C42 -> 51940 | G42: 0 | H42: =G42*C42 -> 0 | I42: =H42+F42 -> 51940
B43: - ค่าแรงงานผนังสำเร็จ | C43: =(หลังริม!C43*1)+(หลังกลาง!C43*6) -> 700 | D43: ตร.ม. | E43: 0 | F43: 0 | G43: 115 | H43: =G43*C43 -> 80500 | I43: =H43+F43 -> 80500
B44: รวมงานข้อ 1.6 | C44: =(หลังริม!C44*1)+(หลังกลาง!C44*6) -> 0 | F44: =SUM(F39:F43) -> 188362.23 | H44: =SUM(H39:H43) -> 80500 | I44: =SUM(I39:I43) -> 268862.23 | K44: =H44+F44 -> 268862.23
B45: 1.7 งานโครงหลังคาเหล็ก | C45: =(หลังริม!C45*1)+(หลังกลาง!C45*6) -> 0
B46: - เหล็กกล่อง 1''*1''*1.8 มม. | C46: =(หลังริม!C46*1)+(หลังกลาง!C46*6) -> 14 | D46: เส้น | E46: 225 | F46: =E46*C46 -> 3150 | G46: 0 | H46: =G46*C46 -> 0 | I46: =H46+F46 -> 3150
B47: - เหล็กกล่อง 2''*2''*1.8มม. | C47: =(หลังริม!C47*1)+(หลังกลาง!C47*6) -> 85.166667 | D47: เส้น | E47: 500 | F47: =E47*C47 -> 42583.333 | G47: 0 | H47: =G47*C47 -> 0 | I47: =H47+F47 -> 42583.333
B48: - เหล็กตัวซี C 100 x 50 x 2.0 มม. | C48: =(หลังริม!C48*1)+(หลังกลาง!C48*6) -> 53.666667 | D48: เส้น | E48: 650 | F48: =E48*C48 -> 34883.333 | G48: 0 | H48: =G48*C48 -> 0 | I48: =H48+F48 -> 34883.333
B49: - เหล็กตัวซี C 100 x 50 x 2.3 มม. | C49: =(หลังริม!C49*1)+(หลังกลาง!C49*6) -> 32.666667 | D49: เส้น | E49: 740 | F49: =E49*C49 -> 24173.333 | G49: 0 | H49: =G49*C49 -> 0 | I49: =H49+F49 -> 24173.333
B50: - เหล็กกล่อง 100*100*3.2 มม. | C50: =(หลังริม!C50*1)+(หลังกลาง!C50*6) -> 2.3333333 | D50: เส้น | E50: 1900 | F50: =E50*C50 -> 4433.3333 | G50: 0 | H50: =G50*C50 -> 0 | I50: =H50+F50 -> 4433.3333
B51: - เหล็กแฟตบาร์ 4" * 6.00 หนา 6.00 มม. | C51: =(หลังริม!C51*1)+(หลังกลาง!C51*6) -> 1.1666667 | D51: เส้น | E51: 905 | F51: =E51*C51 -> 1055.8333 | G51: 0 | H51: =G51*C51 -> 0 | I51: =H51+F51 -> 1055.8333
B52: - เหล็กกล่อง 100*50*2.3 มม. | C52: =(หลังริม!C52*1)+(หลังกลาง!C52*6) -> 9.3333333 | D52: เส้น | E52: 1040 | F52: =E52*C52 -> 9706.6667 | G52: 0 | H52: =G52*C52 -> 0 | I52: =H52+F52 -> 9706.6667
B53: - เหล็กแผ่น 8' x 8' x 6 มม. | C53: =(หลังริม!C53*1)+(หลังกลาง!C53*6) -> 7 | D53: แผ่น | E53: 109 | F53: =E53*C53 -> 763 | G53: 0 | H53: =G53*C53 -> 0 | I53: =H53+F53 -> 763
B54: - เหล็กแผ่น 6' x 6' x 6 มม. | C54: =(หลังริม!C54*1)+(หลังกลาง!C54*6) -> 16.333333 | D54: แผ่น | E54: 53 | F54: =E54*C54 -> 865.66667 | G54: 0 | H54: =G54*C54 -> 0 | I54: =H54+F54 -> 865.66667
B55: - เหล็กแฟตบาร์ 3" * 6.00 หนา 6.00 มม. | C55: =(หลังริม!C55*1)+(หลังกลาง!C55*6) -> 1.1666667 | D55: แผ่น | E55: 670 | F55: =E55*C55 -> 781.66667 | G55: 0 | H55: =G55*C55 -> 0 | I55: =H55+F55 -> 781.66667
B56: - ลวดเชื่อม KOBE 2.6 มม. | C56: =(หลังริม!C56*1)+(หลังกลาง!C56*6) -> 1.1666667 | D56: ลัง | E56: 1500 | F56: =E56*C56 -> 1750 | G56: 0 | H56: =G56*C56 -> 0 | I56: =H56+F56 -> 1750
B57: - ทาสีกันสนิมโครงเหล็กหลังคา KOBE สีเทา | C57: =(หลังริม!C57*1)+(หลังกลาง!C57*6) -> 7 | D57: ถัง | E57: 1189 | F57: =E57*C57 -> 8323 | G57: 0 | H57: =G57*C57 -> 0 | I57: =H57+F57 -> 8323
... B64: - งานติดตั้งซีซาแนลมุกหน้าบ้าน | C64: =(หลังริม!C64*1)+(หลังกลาง!C64*6) -> 28 | D64: เมตร | E64: 0 | F64: =E64*C64 -> 0 | G64: 80 | H64: =G64*C64 -> 2240 | I64: =H64+F64 -> 2240
B65: รวมงานข้อ 1.7 | C65: =(หลังริม!C65*1)+(หลังกลาง!C65*6) -> 0 | F65: =SUM(F46:F64) -> 139434.17 | H65: =SUM(H46:H64) -> 82069.392 | I65: =SUM(I46:I64) -> 221503.56 | K65: =H65+F65 -> 221503.56
A66: 1 | B66: รวมค่างานโครงสร้างวิศวกรรมทั้งหมด | C66: =(หลังริม!C66*1)+(หลังกลาง!C66*6) -> 0 | D66: รวม | F66: =F12+F16+F23+F30+F37+F44+F65 -> 776397.23 | H66: =H12+H16+H23+H30+H37+H44+H65 -> 332173.39 | I66: =I12+I16+I23+I30+I37+I44+I65 -> 1108570.6 | K66: =H66+F66 -> 1108570.6
C67: =(หลังริม!C67*1)+(หลังกลาง!C67*6) -> 0
A68: 2 | B68: งานสถาปัตยกรรม | C68: =(หลังริม!C68*1)+(หลังกลาง!C68*6) -> 0
B69: 2.1 งานประปาโครงสร้าง | C69: =(หลังริม!C69*1)+(หลังกลาง!C69*6) -> 0
B70: - ท่อ PVC C5 6 นิ้ว แบบบาน | C70: =(หลังริม!C70*1)+(หลังกลาง!C70*6) -> 35 | D70: เส้น | E70: 1090 | F70: =E70*C70 -> 38150 | G70: 0 | H70: =G70*C70 -> 0 | I70: =H70+F70 -> 38150
B71: - ท่อ PVC C5 4 นิ้ว | C71: =(หลังริม!C71*1)+(หลังกลาง!C71*6) -> 14 | D71: เส้น | E71: 510 | F71: =E71*C71 -> 7140 | G71: 0 | H71: =G71*C71 -> 0 | I71: =H71+F71 -> 7140
B72: - ท่อ PVC C5 2.5 นิ้ว | C72: =(หลังริม!C72*1)+(หลังกลาง!C72*6) -> 7 | D72: เส้น | E72: 234 | F72: =E72*C72 -> 1638 | G72: 0 | H72: =G72*C72 -> 0 | I72: =H72+F72 -> 1638
B73: - ท่อ PVC C5 2 นิ้ว | C73: =(หลังริม!C73*1)+(หลังกลาง!C73*6) -> 14 | D73: เส้น | E73: 144 | F73: =E73*C73 -> 2016 | G73: 0 | H73: =G73*C73 -> 0 | I73: =H73+F73 -> 2016
B74: - ท่อ PVC C5 1.5 นิ้ว | C74: =(หลังริม!C74*1)+(หลังกลาง!C74*6) -> 7 | D74: เส้น | E74: 53 | F74: =E74*C74 -> 371 | G74: 0 | H74: =G74*C74 -> 0 | I74: =H74+F74 -> 371
B75: - ท่อ PVC C5 1 นิ้ว | C75: =(หลังริม!C75*1)+(หลังกลาง!C75*6) -> 7 | D75: เส้น | E75: 48 | F75: =E75*C75 -> 336 | G75: 0 | H75: =G75*C75 -> 0 | I75: =H75+F75 -> 336
B76: - ท่อ PVC C13.5 3/4 | C76: =(หลังริม!C76*1)+(หลังกลาง!C76*6) -> 7 | D76: เส้น | E76: 64 | F76: =E76*C76 -> 448 | G76: 0 | H76: =G76*C76 -> 0 | I76: =H76+F76 -> 448
B77: - ข้องอ 90 4 นิ้ว แบบบาง | C77: =(หลังริม!C77*1)+(หลังกลาง!C77*6) -> 7 | D77: ตัว | E77: 84.6 | F77: =E77*C77 -> 592.2 | G77: 0 | H77: =G77*C77 -> 0 | I77: =H77+F77 -> 592.2
B78: - ข้องอ 45 4 นิ้ว แบบบาง | C78: =(หลังริม!C78*1)+(หลังกลาง!C78*6) -> 21 | D78: ตัว | E78: 84.6 | F78: =E78*C78 -> 1776.6 | G78: 0 | H78: =G78*C78 -> 0 | I78: =H78+F78 -> 1776.6
B79: - ข้องอ 90 2.5 นิ้ว แบบบาง | C79: =(หลังริม!C79*1)+(หลังกลาง!C79*6) -> 28 | D79: ตัว | E79: 22.8 | F79: =E79*C79 -> 638.4 | G79: 0 | H79: =G79*C79 -> 0 | I79: =H79+F79 -> 638.4
B80: - ข้อต่อสามทาง 2.5 นิ้ว แบบบาง | C80: =(หลังริม!C80*1)+(หลังกลาง!C80*6) -> 14 | D80: ตัว | E80: 31.3 | F80: =E80*C80 -> 438.2 | G80: 0 | H80: =G80*C80 -> 0 | I80: =H80+F80 -> 438.2
B81: - ข้องอ 90 2 นิ้ว แบบบาง | C81: =(หลังริม!C81*1)+(หลังกลาง!C81*6) -> 28 | D81: ตัว | E81: 13.9 | F81: =E81*C81 -> 389.2 | G81: 0 | H81: =G81*C81 -> 0 | I81: =H81+F81 -> 389.2
... B95: - ฝาบ่อพัก | C95: =(หลังริม!C95*1)+(หลังกลาง!C95*6) -> 14 | D95: ฝา | E95: 42 | F95: =E95*C95 -> 588 | G95: 0 | H95: =G95*C95 -> 0 | I95: =H95+F95 -> 588
B96: รวมงานข้อ 2.1 | C96: =(หลังริม!C96*1)+(หลังกลาง!C96*6) -> 0 | F96: =SUM(F70:F95) -> 95510.683 | H96: =SUM(H70:H95) -> 0 | I96: =SUM(I70:I95) -> 95510.683 | K96: =H96+F96 -> 95510.683
B97: 2.3 งานผนังจับเซี้ยมอุดรู เจีย | C97: =(หลังริม!C97*1)+(หลังกลาง!C97*6) -> 0
B98: - ปูนก่ออิฐมวลเบา | C98: =(หลังริม!C98*1)+(หลังกลาง!C98*6) -> 7 | D98: ลูก | E98: 109 | F98: =E98*C98 -> 763 | G98: 6000 | H98: =G98*C98 -> 42000 | I98: =H98+F98 -> 42763
B99: - ปูนฉาบอิฐมวลเบา M210 | C99: =(หลังริม!C99*1)+(หลังกลาง!C99*6) -> 23.333333 | D99: ลูก | E99: 75 | F99: =E99*C99 -> 1750 | G99: 0 | H99: =G99*C99 -> 0 | I99: =H99+F99 -> 1750
B100: รวมงานข้อ 2.3 | C100: =(หลังริม!C100*1)+(หลังกลาง!C100*6) -> 0 | F100: =SUM(F98:F99) -> 2513 | H100: =SUM(H98:H99) -> 42000 | I100: =SUM(I98:I99) -> 44513 | K100: =H100+F100 -> 44513
B101: 2.4 งานก่อรั้วหน้าบ้าน | C101: =(หลังริม!C101*1)+(หลังกลาง!C101*6) -> 0
B102: - ผนังก่ออิฐบล็อค | C102: =(หลังริม!C102*1)+(หลังกลาง!C102*6) -> 612.5 | D102: ก้อน | E102: 5.5 | F102: =E102*C102 -> 3368.75 | G102: 0 | H102: =G102*C102 -> 0 | I102: =H102+F102 -> 3368.75
B103: - หิน3/4 | C103: =(หลังริม!C103*1)+(หลังกลาง!C103*6) -> 2.3333333 | D103: คิว | E103: 500 | F103: =E103*C103 -> 1166.6667 | G103: 0 | H103: =G103*C103 -> 0 | I103: =H103+F103 -> 1166.6667
B104: - ทรายหยาบ | C104: =(หลังริม!C104*1)+(หลังกลาง!C104*6) -> 2.3333333 | D104: คิว | E104: 400 | F104: =E104*C104 -> 933.33333 | G104: 0 | H104: =G104*C104 -> 0 | I104: =H104+F104 -> 933.33333
B105: - ปูนเขียว TPI 197 | C105: =(หลังริม!C105*1)+(หลังกลาง!C105*6) -> 23.333333 | D105: ลูก | E105: 92 | F105: =E105*C105 -> 2146.6667 | G105: 0 | H105: =G105*C105 -> 0 | I105: =H105+F105 -> 2146.6667
B106: - ปูนฉาบสำเร็จ M209 | C106: =(หลังริม!C106*1)+(หลังกลาง!C106*6) -> 70 | D106: ลูก | E106: 61 | F106: =E106*C106 -> 4270 | G106: 0 | H106: =G106*C106 -> 0 | I106: =H106+F106 -> 4270
B107: - ปูนแดง TPI | C107: =(หลังริม!C107*1)+(หลังกลาง!C107*6) -> 11.666667 | D107: เส้น | E107: 110 | F107: =E107*C107 -> 1283.3333 | G107: 0 | H107: =G107*C107 -> 0 | I107: =H107+F107 -> 1283.3333
B108: - เหล็กเส้นกลมผิวเรียบ SR 24 ขนาด Ø 6 มม. | C108: =(หลังริม!C108*1)+(หลังกลาง!C108*6) -> 11.666667 | D108: เส้น | E108: 64 | F108: =E108*C108 -> 746.66667 | G108: 0 | H108: =G108*C108 -> 0 | I108: =H108+F108 -> 746.66667
B109: - เหล็กทับหลังสำเร็จ (50ม.) | C109: =(หลังริม!C109*1)+(หลังกลาง!C109*6) -> 1.1666667 | D109: ม้วน | E109: 0 | F109: =E109*C109 -> 0 | G109: 0 | H109: =G109*C109 -> 0 | I109: =H109+F109 -> 0
B110: - ค่าแรงงานก่อรั้วหน้าบ้าน | C110: =(หลังริม!C110*1)+(หลังกลาง!C110*6) -> 7 | D110: หลัง | E110: 0 | F110: =E110*C110 -> 0 | G110: 1012 | H110: =G110*C110 -> 7084 | I110: =H110+F110 -> 7084
B111: รวมงานข้อ 2.4 | C111: =(หลังริม!C111*1)+(หลังกลาง!C111*6) -> 0 | F111: =SUM(F102:F110) -> 13915.417 | H111: =SUM(H102:H110) -> 7084 | I111: =SUM(I102:I110) -> 20999.417 | K111: =H111+F111 -> 20999.417
B112: 2.5 งานเทพื้นที่จอดรถหน้าบ้าน | C112: =(หลังริม!C112*1)+(หลังกลาง!C112*6) -> 0
B113: - เหล็กตะแกรงไวร์เมท 4 มม @0.20 | C113: =(หลังริม!C113*1)+(หลังกลาง!C113*6) -> 168 | D113: ตร.ม. | E113: 45 | F113: =E113*C113 -> 7560 | G113: 80 | H113: =G113*C113 -> 13440 | I113: =F113+H113 -> 21000
B114: - คอนกรีตผสมเสร็จ 280 กก./ตร.ซม. (ลูกบาศก์) | C114: =(หลังริม!C114*1)+(หลังกลาง!C114*6) -> 19.833333 | D114: ลบ.ม. | E114: 1500 | F114: =E114*C114 -> 29750 | G114: 0 | H114: =G114*C114 -> 0 | I114: =F114+H114 -> 29750
B115: รวมงานข้อ 2.5 | C115: =(หลังริม!C115*1)+(หลังกลาง!C115*6) -> 0 | F115: =SUM(F113:F114) -> 37310 | H115: =SUM(H113:H114) -> 13440 | I115: =SUM(I113:I114) -> 50750 | K115: =H115+F115 -> 50750
B116: 2.6 งานเทผนังหลังบ้าน | C116: =(หลังริม!C116*1)+(หลังกลาง!C116*6) -> 0
B117: - เหล็กเส้นกลมผิวเรียบ SR 24 ขนาด Ø 9 มม. | C117: =(หลังริม!C117*1)+(หลังกลาง!C117*6) -> 0.058333333 | D117: ตัน | E117: 137 | F117: =C117*1000/4.99*E117 -> 1601.5364 | G117: 0 | H117: =G117*C117 -> 0 | I117: =H117+F117 -> 1601.5364
B118: - เหล็กเส้นกลมผิวข้ออ้อย SD 40 ขนาด Ø 12 มม. | C118: =(หลังริม!C118*1)+(หลังกลาง!C118*6) -> 0.046666667 | D118: ตัน | E118: 240 | F118: =C118*1000/8.88*E118 -> 1261.2613 | G118: 0 | H118: =G118*C118 -> 0 | I118: =H118+F118 -> 1261.2613
B119: - คอนกรีตผสมเสร็จ 280 กก./ตร.ซม. (ปั้ม) | C119: =(หลังริม!C119*1)+(หลังกลาง!C119*6) -> 15.166667 | D119: ลบ.ม. | E119: 1600 | F119: =E119*C119 -> 24266.667 | G119: 0 | H119: =G119*C119 -> 0 | I119: =H119+F119 -> 24266.667
B120: - เหล็กตะแกรง WIRE MESH Ø 6 มม. @ 0.20 ม. | C120: =(หลังริม!C120*1)+(หลังกลาง!C120*6) -> 151.66667 | D120: ตร.ม. | E120: 74.2 | F120: =E120*C120 -> 11253.667 | G120: 0 | H120: =G120*C120 -> 0 | I120: =H120+F120 -> 11253.667
B121: - ค่าแรงงานเทผนังหลังบ้าน | C121: =(หลังริม!C121*1)+(หลังกลาง!C121*6) -> 7 | D121: หลัง | E121: 0 | F121: =E121*C121 -> 0 | G121: 2500 | H121: =G121*C121 -> 17500 | I121: =H121+F121 -> 17500
...

Sheet สำนักงานขายPL
A1: BOQ สรุปรายการปริมาณงานและราคา บ้านแถวหลังริม
A4: ลำดับที่ | B4: รายการ | C4: จำนวน | D4: หน่วย | E4: ค่าวัสดุ | G4: ค่าแรงงาน | I4: รวมค่าวัสดุและ | J4: หมายเหตุ
E5: ราคาต่อหน่วย | F5: จำนวนเงิน (บาท) | G5: ราคาต่อหน่วย | H5: จำนวนเงิน (บาท) | I5: ค่าแรงงาน (บาท)
A6: 1 | B6: งานโครงสร้างวิศวกรรม
B7: 1.1 งานดิน หิน ทราย และฐานราก
B8: - ขุดดินฐานรากและถมคืน (งานแบ็คโคร) | C8: =10/6 -> 1.6666667 | D8: วัน | E8: 3500 | F8: =E8*C8 -> 5833.3333 | G8: 0 | H8: =G8*C8 -> 0 | I8: =H8+F8 -> 5833.3333
B9: - คอนกรีตผสมเสร็จ 280 กก./ตร.ซม. (ลูกบาศก์) | C9: =5.5/6 -> 0.91666667 | D9: ลบ.ม. | E9: 1500 | F9: =E9*C9 -> 1375 | G9: 0 | H9: =G9*C9 -> 0 | I9: =H9+F9 -> 1375
B10: - คอนกรีตหยาบรองก้นฐานราก 1:3:5 | C10: 0 | D10: ลบ.ม. | E10: 0 | F10: =E10*C10 -> 0 | G10: 0 | H10: =G10*C10 -> 0 | I10: =H10+F10 -> 0
B11: - ทรายถมปรับระดับ | C11: =40/6 -> 6.6666667 | D11: ลบ.ม. | E11: 100 | F11: =E11*C11 -> 666.66667 | G11: 0 | H11: =G11*C11 -> 0 | I11: =H11+F11 -> 666.66667
B12: รวมงานข้อ 1.1 | F12: =SUM(F8:F11) -> 7875 | H12: =SUM(H8:H11) -> 0 | I12: =SUM(I8:I11) -> 7875 | K12: =H12+F12 -> 7875
B13: 1.2 งานตอกเสาเข็ม
B14: - เสาเข็ม ไอตัน ขนาด 0.18 x 0.18 x 16 ม. | C14: =53/6 -> 8.8333333 | D14: ต้น | E14: 2080 | F14: =E14*C14 -> 18373.333 | G14: 750 | H14: =G14*C14 -> 6625 | I14: =H14+F14 -> 24998.333
B15: - ค่าสกัดหัวเสาเข็ม | C15: 0 | D15: ต้น | E15: 0 | F15: =E15*C15 -> 0 | G15: 0 | H15: =G15*C15 -> 0 | I15: =H15+F15 -> 0
B16: รวมงานข้อ 1.2 | F16: =SUM(F14:F15) -> 18373.333 | H16: =SUM(H14:H15) -> 6625 | I16: =SUM(I14:I15) -> 24998.333 | K16: =H16+F16 -> 24998.333
B17: 1.3 งานแบบหล่อคอนกรีต
B18: - ไม้แบบทั่วไป | C18: =20/6 -> 3.3333333 | D18: แผ่น | E18: 590 | F18: =E18*C18 -> 1966.6667 | G18: 0 | H18: =G18*C18 -> 0 | I18: =H18+F18 -> 1966.6667
B19: - ไม้คร่าว | C19: 0 | D19: ลบ.ฟ. | E19: 0 | F19: =E19*C19 -> 0 | G19: 0 | H19: =G19*C19 -> 0 | I19: =H19+F19 -> 0
B20: - ไม้ค้ำยัน | C20: =200/6 -> 33.333333 | D20: ต้น | E20: 25 | F20: =E20*C20 -> 833.33333 | G20: 0 | H20: =G20*C20 -> 0 | I20: =H20+F20 -> 833.33333
B21: - ตะปูขนาดต่างๆ | C21: 0 | D21: กก. | E21: 0 | F21: =E21*C21 -> 0 | G21: 0 | H21: =G21*C21 -> 0 | I21: =H21+F21 -> 0
B22: - ค่าแรงงานไม้แบบ | C22: 0 | D22: ตร.ม. | E22: 0 | F22: =E22*C22 -> 0 | G22: 0 | H22: =G22*C22 -> 0 | I22: =H22+F22 -> 0
B23: รวมงานข้อ 1.3 | F23: =SUM(F18:F22) -> 2800 | H23: =SUM(H18:H22) -> 0 | I23: =SUM(I18:I22) -> 2800 | K23: =H23+F23 -> 2800
B24: 1.4 งานคอนกรีตโครงสร้าง
B25: - คอนกรีตหยาบ( lean) | C25: =15/6 -> 2.5 | D25: ลบ.ม. | E25: 1300 | F25: =E25*C25 -> 3250 | G25: 0 | H25: =G25*C25 -> 0 | I25: =H25+F25 -> 3250
B26: - คอนกรีตผสมเสร็จ 280 กก./ตร.ซม. (ลูกบาศก์) | C26: =55/6 -> 9.1666667 | D26: ลบ.ม. | E26: 1500 | F26: =E26*C26 -> 13750 | G26: 0 | H26: =G26*C26 -> 0 | I26: =H26+F26 -> 13750
B27: - คอนกรีตผสมเสร็จ 320 กก./ตร.ซม. (ลูกบาศก์) | C27: 0 | D27: ลบ.ม. | E27: 1600 | F27: =E27*C27 -> 0 | G27: 0 | H27: =G27*C27 -> 0 | I27: =H27+F27 -> 0
B28: - เหล็กตะแกรง WIRE MESH Ø 6 มม. @ 0.20 ม. (ข้ออ้อย) | C28: =600/6 -> 100 | D28: ตร.ม. | E28: 74.2 | F28: =E28*C28 -> 7420 | G28: 0 | H28: =G28*C28 -> 0 | I28: =H28+F28 -> 7420
B29: - ค่าแรงงานโครงสร้าง | C29: =600/6 -> 100 | D29: ตร.ม. | E29: 0 | F29: =E29*C29 -> 0 | G29: 173.47 | H29: =G29*C29 -> 17347 | I29: =H29+F29 -> 17347
B30: รวมงานข้อ 1.4 | F30: =SUM(F25:F29) -> 24420 | H30: =SUM(H25:H29) -> 17347 | I30: =SUM(I25:I29) -> 41767 | K30: =H30+F30 -> 41767
B31: 1.5 งานเหล็กเสริมคอนกรีต
B32: - เหล็กเส้นกลมผิวเรียบ SR 24 ขนาด Ø 6 มม. | C32: =(50*2.22/1000)/6 -> 0.0185 | D32: ตัน | E32: 64 | F32: =C32*1000/2.22*E32 -> 533.33333 | G32: 0 | H32: =G32*C32 -> 0 | I32: =H32+F32 -> 533.33333
B33: - เหล็กเส้นกลมผิวเรียบ SR 24 ขนาด Ø 9 มม. | C33: =(65*4.99/1000)/6 -> 0.054058333 | D33: ตัน | E33: 137 | F33: =C33*1000/4.99*E33 -> 1484.1667 | G33: 0 | H33: =G33*C33 -> 0 | I33: =H33+F33 -> 1484.1667
B34: - เหล็กเส้นกลมผิวข้ออ้อย SD 40 ขนาด Ø 12 มม. | C34: =(215*8.88/1000)/6 -> 0.3182 | D34: ตัน | E34: 240 | F34: =C34*1000/8.88*E34 -> 8600 | G34: 0 | H34: =G34*C34 -> 0 | I34: =H34+F34 -> 8600
B35: - เหล็กเส้นกลมผิวข้ออ้อย SD 40 ขนาด Ø 16 มม. | C35: 0 | D35: ตัน | E35: 425 | F35: =C35*1000/15.78*E35 -> 0 | G35: 0 | H35: =G35*C35 -> 0 | I35: =H35+F35 -> 0
B36: - ลวดผูกเหล็ก Ø 1.25 มม. (เบอร์ 18) | C36: 0 | D36: กก. | E36: 0 | F36: =E36*C36 -> 0 | G36: 0 | H36: =G36*C36 -> 0 | I36: =H36+F36 -> 0
B37: รวมงานข้อ 1.5 | F37: =SUM(F32:F36) -> 10617.5 | H37: =SUM(H32:H36) -> 0 | I37: =SUM(I32:I36) -> 10617.5 | K37: =H37+F37 -> 10617.5
B38: 1.6 งานผนังสำเร็จ (แบบหล่อพร้อมจับเซี้ยม)
B39: - เหล็กเส้นกลมผิวเรียบ SR 24 ขนาด Ø 9 มม. | C39: =0.299/6 -> 0.049833333 | D39: ตัน | E39: 137 | F39: =C39*1000/4.99*E39 -> 1368.1697 | G39: 0 | H39: =G39*C39 -> 0 | I39: =H39+F39 -> 1368.1697
B40: - เหล็กเส้นกลมผิวข้ออ้อย SD 40 ขนาด Ø 12 มม. | C40: =0.53/6 -> 0.088333333 | D40: ตัน | E40: 240 | F40: =C40*1000/8.88*E40 -> 2387.3874 | G40: 0 | H40: =G40*C40 -> 0 | I40: =H40+F40 -> 2387.3874
B41: - คอนกรีตผสมเสร็จ 280 กก./ตร.ซม. (ปั้ม) | C41: =59/6 -> 9.8333333 | D41: ลบ.ม. | E41: 1600 | F41: =E41*C41 -> 15733.333 | G41: 0 | H41: =G41*C41 -> 0 | I41: =H41+F41 -> 15733.333
B42: - เหล็กตะแกรง WIRE MESH Ø 6 มม. @ 0.20 ม. | C42: =600/6 -> 100 | D42: ตร.ม. | E42: 74.2 | F42: =E42*C42 -> 7420 | G42: 0 | H42: =G42*C42 -> 0 | I42: =H42+F42 -> 7420
B43: - ค่าแรงงานผนังสำเร็จ | C43: =600/6 -> 100 | D43: ตร.ม. | E43: 0 | F43: =E43*C43 -> 0 | G43: 115 | H43: =G43*C43 -> 11500 | I43: =H43+F43 -> 11500
B44: รวมงานข้อ 1.6 | F44: =SUM(F39:F43) -> 26908.89 | H44: =SUM(H39:H43) -> 11500 | I44: =SUM(I39:I43) -> 38408.89 | K44: =H44+F44 -> 38408.89
B45: 1.7 งานโครงหลังคาเหล็ก
B46: - เหล็กกล่อง 1''*1''*1.8 มม. | C46: =12/6 -> 2 | D46: เส้น | E46: 225 | F46: =E46*C46 -> 450 | G46: 0 | H46: =G46*C46 -> 0 | I46: =H46+F46 -> 450
B47: - เหล็กกล่อง 2''*2''*1.8มม. | C47: =73/6 -> 12.166667 | D47: เส้น | E47: 500 | F47: =E47*C47 -> 6083.3333 | G47: 0 | H47: =G47*C47 -> 0 | I47: =H47+F47 -> 6083.3333
B48: - เหล็กตัวซี C 100 x 50 x 2.0 มม. | C48: =46/6 -> 7.6666667 | D48: เส้น | E48: 650 | F48: =E48*C48 -> 4983.3333 | G48: 0 | H48: =G48*C48 -> 0 | I48: =H48+F48 -> 4983.3333
B49: - เหล็กตัวซี C 100 x 50 x 2.3 มม. | C49: =28/6 -> 4.6666667 | D49: เส้น | E49: 740 | F49: =E49*C49 -> 3453.3333 | G49: 0 | H49: =G49*C49 -> 0 | I49: =H49+F49 -> 3453.3333
B50: - เหล็กกล่อง 100*100*3.2 มม. | C50: =2/6 -> 0.33333333 | D50: เส้น | E50: 1900 | F50: =E50*C50 -> 633.33333 | G50: 0 | H50: =G50*C50 -> 0 | I50: =H50+F50 -> 633.33333
B51: - เหล็กแฟตบาร์ 4" * 6.00 หนา 6.00 มม. | C51: =1/6 -> 0.16666667 | D51: เส้น | E51: 905 | F51: =E51*C51 -> 150.83333 | G51: 0 | H51: =G51*C51 -> 0 | I51: =H51+F51 -> 150.83333
B52: - เหล็กกล่อง 100*50*2.3 มม. | C52: =8/6 -> 1.3333333 | D52: เส้น | E52: 1040 | F52: =E52*C52 -> 1386.6667 | G52: 0 | H52: =G52*C52 -> 0 | I52: =H52+F52 -> 1386.6667
B53: - เหล็กแผ่น 8' x 8' x 6 มม. | C53: =6/6 -> 1 | D53: แผ่น | E53: 109 | F53: =E53*C53 -> 109 | G53: 0 | H53: =G53*C53 -> 0 | I53: =H53+F53 -> 109
B54: - เหล็กแผ่น 6' x 6' x 6 มม. | C54: =14/6 -> 2.3333333 | D54: แผ่น | E54: 53 | F54: =E54*C54 -> 123.66667 | G54: 0 | H54: =G54*C54 -> 0 | I54: =H54+F54 -> 123.66667
B55: - เหล็กแฟตบาร์ 3" * 6.00 หนา 6.00 มม. | C55: =1/6 -> 0.16666667 | D55: แผ่น | E55: 670 | F55: =E55*C55 -> 111.66667 | G55: 0 | H55: =G55*C55 -> 0 | I55: =H55+F55 -> 111.66667
B56: - ลวดเชื่อม KOBE 2.6 มม. | C56: =1/6 -> 0.16666667 | D56: ลัง | E56: 1500 | F56: =E56*C56 -> 250 | G56: 0 | H56: =G56*C56 -> 0 | I56: =H56+F56 -> 250
B57: - ทาสีกันสนิมโครงเหล็กหลังคา KOBE สีเทา | C57: =6/6 -> 1 | D57: ถัง | E57: 1189 | F57: =E57*C57 -> 1189 | G57: 0 | H57: =G57*C57 -> 0 | I57: =H57+F57 -> 1189
B58: - น้ำมันสน | C58: =10/6 -> 1.6666667 | D58: ถัง | E58: 499 | F58: =E58*C58 -> 831.66667 | G58: 0 | H58: =G58*C58 -> 0 | I58: =H58+F58 -> 831.66667
B59: - ใบตัดเหล็ก 14 นิ้ว | C59: =10/6 -> 1.6666667 | D59: ใบ | E59: 98 | F59: =E59*C59 -> 163.33333 | G59: 0 | H59: =G59*C59 -> 0 | I59: =H59+F59 -> 163.33333
B60: - งานติดตั้งโครงหลังคาเหล็ก | C60: =446.43/6 -> 74.405 | D60: ตรม | E60: 0 | F60: =E60*C60 -> 0 | G60: 0 | H60: =G60*C60 -> 0 | I60: =H60+F60 -> 0
B61: - งานทำมุกหน้าบ้าน | C61: 1 | D61: หลัง | E61: 0 | F61: =E61*C61 -> 0 | G61: 1000 | H61: =G61*C61 -> 1000 | I61: =H61+F61 -> 1000
B62: - งานตั้งเสา | C62: =11/6 -> 1.8333333 | D62: ต้น | E62: 0 | F62: =E62*C62 -> 0 | G62: 300 | H62: =G62*C62 -> 550 | I62: =H62+F62 -> 550
B63: - งานเชื่อมเหล็กท้าวแขน | C63: =8/6 -> 1.3333333 | D63: ต้น | E63: 0 | F63: =E63*C63 -> 0 | G63: 500 | H63: =G63*C63 -> 666.66667 | I63: =H63+F63 -> 666.66667
B64: - งานติดตั้งซีซาแนลมุกหน้าบ้าน | C64: 4 | D64: เมตร | E64: 0 | F64: =E64*C64 -> 0 | G64: 80 | H64: =G64*C64 -> 320 | I64: =H64+F64 -> 320
B65: รวมงานข้อ 1.7 | F65: =SUM(F46:F64) -> 19919.167 | H65: =SUM(H46:H64) -> 2536.6667 | I65: =SUM(I46:I64) -> 22455.833 | K65: =H65+F65 -> 22455.833
A66: 1 | B66: รวมค่างานโครงสร้างวิศวกรรมทั้งหมด | D66: รวม | F66: =F12+F16+F23+F30+F37+F44+F65 -> 110913.89 | H66: =H12+H16+H23+H30+H37+H44+H65 -> 38008.667 | I66: =I12+I16+I23+I30+I37+I44+I65 -> 148922.56 | K66: =H66+F66 -> 148922.56
A68: 2 | B68: งานสถาปัตยกรรม
B69: 2.1 งานประปาโครงสร้าง
B70: - ท่อ PVC C5 6 นิ้ว แบบบาน | C70: =30/6 -> 5 | D70: เส้น | E70: 1090 | F70: =E70*C70 -> 5450 | G70: 0 | H70: =G70*C70 -> 0 | I70: =H70+F70 -> 5450
B71: - ท่อ PVC C5 4 นิ้ว | C71: =12/6 -> 2 | D71: เส้น | E71: 510 | F71: =E71*C71 -> 1020 | G71: 0 | H71: =G71*C71 -> 0 | I71: =H71+F71 -> 1020
B72: - ท่อ PVC C5 2.5 นิ้ว | C72: =6/6 -> 1 | D72: เส้น | E72: 234 | F72: =E72*C72 -> 234 | G72: 0 | H72: =G72*C72 -> 0 | I72: =H72+F72 -> 234
B73: - ท่อ PVC C5 2 นิ้ว | C73: =12/6 -> 2 | D73: เส้น | E73: 144 | F73: =E73*C73 -> 288 | G73: 0 | H73: =G73*C73 -> 0 | I73: =H73+F73 -> 288
B74: - ท่อ PVC C5 1.5 นิ้ว | C74: =6/6 -> 1 | D74: เส้น | E74: 53 | F74: =E74*C74 -> 53 | G74: 0 | H74: =G74*C74 -> 0 | I74: =H74+F74 -> 53
B75: - ท่อ PVC C5 1 นิ้ว | C75: =6/6 -> 1 | D75: เส้น | E75: 48 | F75: =E75*C75 -> 48 | G75: 0 | H75: =G75*C75 -> 0 | I75: =H75+F75 -> 48
B76: - ท่อ PVC C13.5 3/4 | C76: =6/6 -> 1 | D76: เส้น | E76: 64 | F76: =E76*C76 -> 64 | G76: 0 | H76: =G76*C76 -> 0 | I76: =H76+F76 -> 64
B77: - ข้องอ 90 4 นิ้ว แบบบาง | C77: =6/6 -> 1 | D77: ตัว | E77: 84.6 | F77: =E77*C77 -> 84.6 | G77: 0 | H77: =G77*C77 -> 0 | I77: =H77+F77 -> 84.6
B78: - ข้องอ 45 4 นิ้ว แบบบาง | C78: =18/6 -> 3 | D78: ตัว | E78: 84.6 | F78: =E78*C78 -> 253.8 | G78: 0 | H78: =G78*C78 -> 0 | I78: =H78+F78 -> 253.8
B79: - ข้องอ 90 2.5 นิ้ว แบบบาง | C79: =24/6 -> 4 | D79: ตัว | E79: 22.8 | F79: =E79*C79 -> 91.2 | G79: 0 | H79: =G79*C79 -> 0 | I79: =H79+F79 -> 91.2
B80: - ข้อต่อสามทาง 2.5 นิ้ว แบบบาง | C80: =12/6 -> 2 | D80: ตัว | E80: 31.3 | F80: =E80*C80 -> 62.6 | G80: 0 | H80: =G80*C80 -> 0 | I80: =H80+F80 -> 62.6
B81: - ข้องอ 90 2 นิ้ว แบบบาง | C81: =24/6 -> 4 | D81: ตัว | E81: 13.9 | F81: =E81*C81 -> 55.6 | G81: 0 | H81: =G81*C81 -> 0 | I81: =H81+F81 -> 55.6
B82: - ข้องอ 90 1.5 นิ้ว แบบบาง | C82: =6/6 -> 1 | D82: ตัว | E82: 8.05 | F82: =E82*C82 -> 8.05 | G82: 0 | H82: =G82*C82 -> 0 | I82: =H82+F82 -> 8.05
B83: - ข้อต่อสามทาง 2 นิ้ว แบบบาง | C83: =12/6 -> 2 | D83: ตัว | E83: 18.6 | F83: =E83*C83 -> 37.2 | G83: 0 | H83: =G83*C83 -> 0 | I83: =H83+F83 -> 37.2
B84: - ข้อต่อตรง 2 นิ้ว ลด 1.5 นิ้ว แบบบาง | C84: =6/6 -> 1 | D84: ตัว | E84: 13.8 | F84: =E84*C84 -> 13.8 | G84: 0 | H84: =G84*C84 -> 0 | I84: =H84+F84 -> 13.8
B85: - ข้อต่อตรงเกลียวนอก 1.5 นิ้ว แบบบาง | C85: =6/6 -> 1 | D85: ตัว | E85: 15 | F85: =E85*C85 -> 15 | G85: 0 | H85: =G85*C85 -> 0 | I85: =H85+F85 -> 15
B86: - ข้อต่อตรง 1.5 นิ้ว ลด 1 นิ้ว แบบบาง | C86: =6/6 -> 1 | D86: ตัว | E86: 13 | F86: =E86*C86 -> 13 | G86: 0 | H86: =G86*C86 -> 0 | I86: =H86+F86 -> 13
B87: - ข้อต่อตรง 1 นิ้ว ลด 3/4 นิ้ว แบบบาง | C87: =6/6 -> 1 | D87: ตัว | E87: 12 | F87: =E87*C87 -> 12 | G87: 0 | H87: =G87*C87 -> 0 | I87: =H87+F87 -> 12
B88: - ข้องอ 90 3/4 นิ้ว | C88: =6/6 -> 1 | D88: ตัว | E88: 4.7 | F88: =E88*C88 -> 4.7 | G88: 0 | H88: =G88*C88 -> 0 | I88: =H88+F88 -> 4.7
B89: - กาวทาท่อ 1000G | C89: =7.5/6 -> 1.25 | D89: ก.ป. | E89: 434 | F89: =E89*C89 -> 542.5 | G89: 0 | H89: =G89*C89 -> 0 | I89: =H89+F89 -> 542.5
B90: - ถังบำบัดน้ำเสีย DOS 1600 L | C90: =6/6 -> 1 | D90: ถัง | E90: 3600 | F90: =E90*C90 -> 3600 | G90: 0 | H90: =G90*C90 -> 0 | I90: =H90+F90 -> 3600
B91: - ท่อ PE เกษตร 20*20 | C91: =2/6 -> 0.33333333 | D91: ม้วน | E91: 600 | F91: =E91*C91 -> 200 | G91: 0 | H91: =G91*C91 -> 0 | I91: =H91+F91 -> 200
B92: - ถังดักไขมัน 25 L | C92: =6/6 -> 1 | D92: ถัง | E92: 1100 | F92: =E92*C92 -> 1100 | G92: 0 | H92: =G92*C92 -> 0 | I92: =H92+F92 -> 1100
B93: - พลาสติกใส ขาวขุน 1.40*50 | C93: =3.5/6 -> 0.58333333 | D93: ม้วน | E93: 160 | F93: =E93*C93 -> 93.333333 | G93: 0 | H93: =G93*C93 -> 0 | I93: =H93+F93 -> 93.333333
B94: - บ่อพัก พร้อมฝา ขนาด 0.35*0.40 ม. | C94: =12/6 -> 2 | D94: อัน | E94: 108 | F94: =E94*C94 -> 216 | G94: 0 | H94: =G94*C94 -> 0 | I94: =H94+F94 -> 216
B95: - ฝาบ่อพัก | C95: =12/6 -> 2 | D95: ฝา | E95: 42 | F95: =E95*C95 -> 84 | G95: 0 | H95: =G95*C95 -> 0 | I95: =H95+F95 -> 84
B96: รวมงานข้อ 2.1 | F96: =SUM(F70:F95) -> 13644.383 | H96: =SUM(H70:H95) -> 0 | I96: =SUM(I70:I95) -> 13644.383 | K96: =H96+F96 -> 13644.383
B97: 2.3 งานผนังจับเซี้ยมอุดรู เจีย
B98: - ปูนก่ออิฐมวลเบา | C98: 1 | D98: ลูก | E98: 109 | F98: =E98*C98 -> 109 | G98: 6000 | H98: =G98*C98 -> 6000 | I98: =H98+F98 -> 6109
B99: - ปูนฉาบอิฐมวลเบา M210 | C99: =20/6 -> 3.3333333 | D99: ลูก | E99: 75 | F99: =E99*C99 -> 250 | G99: 0 | H99: =G99*C99 -> 0 | I99: =H99+F99 -> 250
B100: รวมงานข้อ 2.3 | F100: =SUM(F98:F99) -> 359 | H100: =SUM(H98:H99) -> 6000 | I100: =SUM(I98:I99) -> 6359 | K100: =H100+F100 -> 6359
B101: 2.4 งานก่อรั้วหน้าบ้าน
B102: - ผนังก่ออิฐบล็อค | C102: =525/6 -> 87.5 | D102: ก้อน | E102: 5.5 | F102: =E102*C102 -> 481.25 | G102: 0 | H102: =G102*C102 -> 0 | I102: =H102+F102 -> 481.25
B103: - หิน3/4 | C103: =2/6 -> 0.33333333 | D103: คิว | E103: 500 | F103: =E103*C103 -> 166.66667 | G103: 0 | H103: =G103*C103 -> 0 | I103: =H103+F103 -> 166.66667
...
